,,Overall,Overall,Overall,Overall,Overall,Overall,,Conf.,Conf.,,Home,Home,,Away,Away,,Points,Points,,Totals,Totals,Totals,Totals,Totals,Totals,Totals,Totals,Totals,Totals,Totals,Totals,Totals,Totals,Totals,Totals,Totals
Rk,School,G,W,L,W-L%,SRS,SOS,,W,L,,W,L,,W,L,,Tm.,Opp.,,MP,FG,FGA,FG%,3P,3PA,3P%,FT,FTA,FT%,ORB,TRB,AST,STL,BLK,TOV,PF
1,Abilene Christian,33,23,10,.697,2.66,-2.10,,11,7,,14,3,,6,6,,2519,2191,,1340,869,1992,.436,222,711,.312,559,746,.749,349,1060,492,363,61,412,732
2,Air Force,29,11,18,.379,-5.24,1.76,,4,13,,7,6,,2,10,,1712,1915,,1160,627,1437,.436,208,625,.333,250,385,.649,172,770,362,158,88,395,523
3,Akron NCAA,33,24,9,.727,0.81,-4.32,,14,6,,12,3,,8,4,,2349,2073,,1325,806,1746,.462,261,731,.357,476,693,.687,326,1154,392,193,108,378,521
4,Alabama A&M,30,12,18,.400,-14.19,-8.62,,10,8,,7,3,,4,14,,1843,2010,,1220,656,1732,.379,117,432,.271,414,581,.713,334,1133,285,211,96,407,483
5,UAB NCAA,34,27,7,.794,11.10,-0.71,,14,4,,16,2,,7,4,,2743,2254,,1375,1009,2156,.468,271,715,.379,454,615,.738,415,1307,441,328,145,390,565
6,Alabama State,31,10,21,.323,-11.81,-5.21,,8,10,,7,6,,3,15,,2160,2332,,1250,751,1762,.426,193,581,.332,465,666,.698,326,1062,373,234,111,477,561
7,Alabama NCAA,32,19,13,.594,15.51,11.94,,9,9,,13,3,,3,7,,2559,2445,,1285,885,2008,.441,297,963,.308,492,674,.730,433,1278,468,224,151,466,595
8,Albany (NY),31,13,18,.419,-9.73,-5.69,,9,9,,4,8,,8,9,,1917,2042,,1245,714,1741,.410,182,563,.323,307,436,.704,281,992,292,209,76,383,558
9,Alcorn State,34,17,17,.500,-8.44,-3.88,,14,4,,6,3,,9,13,,2262,2417,,1370,817,1983,.412,183,578,.317,445,643,.692,400,1219,352,253,92,478,604
10,American,32,10,22,.313,-15.30,-7.83,,5,13,,6,5,,4,16,,2031,2270,,1290,781,1737,.450,161,487,.331,308,444,.694,223,981,390,209,98,427,477
11,Appalachian State,34,19,15,.559,-1.47,-1.47,,12,6,,11,5,,6,7,,2281,2146,,1365,822,1966,.418,283,846,.335,354,537,.659,335,1199,427,191,85,350,437
12,Arizona State,31,14,17,.452,8.19,10.03,,10,10,,9,6,,5,7,,2027,2084,,1260,775,1873,.414,214,697,.307,263,398,.661,292,1102,414,207,131,370,562
13,Arizona NCAA,34,31,3,.912,24.00,6.97,,18,2,,17,0,,9,3,,2875,2296,,1365,1035,2087,.496,264,746,.354,541,733,.738,389,1406,677,228,194,448,560
14,Little Rock,28,9,19,.321,-11.81,-0.49,,3,11,,6,7,,1,10,,1868,2047,,1140,651,1544,.422,197,585,.337,369,502,.735,233,881,364,194,60,387,468
15,Arkansas-Pine Bluff,31,7,24,.226,-18.69,-4.31,,5,13,,5,7,,2,17,,2055,2426,,1245,708,1732,.409,212,705,.301,427,597,.715,272,914,355,222,80,406,540
16,Arkansas State,29,18,11,.621,-3.07,-3.30,,8,7,,11,3,,6,7,,2055,1974,,1165,745,1653,.451,157,505,.311,408,548,.745,294,1044,452,229,96,403,482
17,Arkansas NCAA,33,25,8,.758,16.50,8.11,,13,5,,17,1,,5,4,,2539,2262,,1330,879,2000,.440,210,685,.307,571,758,.753,370,1259,465,255,138,416,556
18,Army,31,15,16,.484,-10.48,-7.48,,9,9,,10,4,,4,12,,2183,2182,,1250,804,1839,.437,209,652,.321,366,581,.630,344,1154,389,243,58,408,460
19,Auburn NCAA,32,27,5,.844,20.39,8.71,,15,3,,16,0,,8,3,,2519,2145,,1300,894,2034,.440,260,812,.320,471,643,.733,399,1278,467,281,254,387,593
20,Austin Peay,29,12,17,.414,-9.76,-3.13,,8,10,,6,5,,6,11,,1875,2004,,1175,669,1639,.408,229,726,.315,308,436,.706,306,952,392,186,59,405,483
21,Ball State,31,14,17,.452,-7.62,-4.19,,9,10,,9,5,,4,9,,2304,2380,,1245,788,1783,.442,265,735,.361,463,667,.694,301,1105,408,188,75,433,555
22,Baylor NCAA,32,26,6,.813,21.96,9.08,,14,4,,15,2,,8,3,,2448,2036,,1285,903,1948,.464,254,735,.346,388,556,.698,408,1188,507,282,109,400,507
23,Bellarmine,33,20,13,.606,-3.47,-0.98,,11,5,,11,4,,8,8,,2314,2217,,1325,878,1847,.475,257,755,.340,301,400,.753,240,1001,478,185,55,312,473
24,Belmont,33,25,8,.758,6.77,-2.29,,15,3,,13,1,,10,5,,2583,2264,,1330,957,1960,.488,282,850,.332,387,521,.743,256,1104,595,299,129,390,452
25,Bethune-Cookman,30,9,21,.300,-14.48,-6.48,,7,11,,4,6,,4,13,,1901,2086,,1210,710,1705,.416,144,429,.336,337,489,.689,300,977,322,238,73,401,514
26,Binghamton,29,12,17,.414,-10.32,-6.10,,8,10,,5,8,,7,9,,1962,1983,,1165,746,1692,.441,213,602,.354,257,389,.661,276,1045,334,164,106,366,484
27,Boise State NCAA,34,27,7,.794,12.61,5.37,,15,3,,13,3,,9,3,,2336,2066,,1375,832,1856,.448,251,721,.348,421,649,.649,346,1189,392,201,119,412,512
28,Boston College,33,13,20,.394,3.67,4.85,,6,14,,9,7,,2,10,,2209,2248,,1340,812,1897,.428,190,614,.309,395,561,.704,352,1130,408,237,97,393,514
29,Boston University,33,21,12,.636,-4.57,-7.82,,11,7,,11,4,,8,8,,2353,2225,,1335,853,1860,.459,250,699,.358,397,542,.732,336,1153,367,191,84,403,517
30,Bowling Green State,31,13,18,.419,-8.48,-4.10,,6,14,,9,7,,3,10,,2488,2495,,1250,881,2024,.435,255,751,.340,471,637,.739,376,1202,390,227,106,381,550
31,Bradley,31,17,14,.548,6.15,1.55,,11,7,,12,2,,3,8,,2185,2021,,1245,799,1800,.444,241,714,.338,346,502,.689,346,1202,419,197,142,420,527
32,Brigham Young,32,22,10,.688,10.19,5.59,,9,6,,12,2,,6,5,,2358,2172,,1290,865,1911,.453,251,708,.355,377,520,.725,344,1255,451,158,101,408,567
33,Brown,29,13,16,.448,-3.31,-1.90,,5,9,,6,7,,6,7,,2058,2015,,1160,739,1698,.435,209,668,.313,371,523,.709,304,1029,354,194,112,381,520
34,Bryant NCAA,31,22,9,.710,-4.41,-7.47,,15,2,,14,1,,7,7,,2415,2255,,1250,848,1942,.437,260,844,.308,459,626,.733,392,1288,437,196,138,431,520
35,Bucknell,32,9,23,.281,-14.59,-6.34,,5,13,,7,6,,2,15,,2277,2541,,1310,818,1790,.457,253,673,.376,388,507,.765,218,1014,471,148,100,431,490
36,Buffalo,30,19,11,.633,2.20,-2.90,,13,6,,9,3,,9,6,,2398,2168,,1200,891,1957,.455,255,746,.342,361,509,.709,425,1273,451,214,137,396,513
37,Butler,33,14,19,.424,4.67,9.38,,6,14,,9,7,,3,8,,2107,2209,,1335,749,1799,.416,229,751,.305,380,546,.696,298,1083,363,171,80,395,550
38,Cal Poly,28,7,21,.250,-10.19,-2.90,,4,12,,4,7,,2,12,,1721,1885,,1135,593,1450,.409,147,507,.290,388,533,.728,259,979,295,132,68,412,543
39,Cal State Bakersfield,28,9,19,.321,-7.11,-1.55,,2,14,,6,7,,2,11,,1816,1857,,1120,682,1613,.423,107,372,.288,345,489,.706,334,981,279,173,67,327,577
40,Cal State Fullerton NCAA,31,21,10,.677,0.31,-2.59,,12,5,,11,2,,7,7,,2178,2051,,1240,768,1717,.447,171,518,.330,471,617,.763,300,1040,350,225,62,380,496
41,Cal State Northridge,30,7,23,.233,-11.62,-1.01,,3,15,,4,11,,3,11,,1847,2137,,1215,678,1684,.403,154,508,.303,337,494,.682,295,952,275,216,76,368,560
42,California Baptist,33,18,15,.545,-3.23,-3.23,,7,11,,14,5,,3,9,,2344,2220,,1325,811,1841,.441,264,793,.333,458,683,.671,327,1228,528,169,92,461,607
43,UC Davis,24,13,11,.542,-3.28,-3.87,,6,6,,7,5,,5,4,,1628,1593,,965,601,1366,.440,146,438,.333,280,397,.705,213,823,272,144,69,300,443
44,UC Irvine,25,15,10,.600,2.00,-0.52,,10,5,,9,1,,6,7,,1656,1507,,1000,609,1377,.442,126,388,.325,312,408,.765,250,908,273,150,89,338,450
45,UC Riverside,28,16,12,.571,-0.51,-1.47,,10,7,,10,4,,6,7,,1865,1784,,1135,683,1544,.442,201,628,.320,298,414,.720,221,995,373,147,37,345,449
46,UC San Diego,29,13,16,.448,-6.62,-3.36,,7,11,,9,4,,4,11,,2036,2046,,1165,697,1571,.444,265,716,.370,377,504,.748,172,886,395,167,53,364,424
47,UC Santa Barbara,28,17,11,.607,1.77,-4.00,,9,6,,11,3,,5,7,,2066,1841,,1145,755,1527,.494,152,458,.332,404,571,.708,254,977,438,175,82,371,483
48,California,32,12,20,.375,4.51,7.51,,5,15,,10,8,,2,9,,2018,2114,,1290,756,1798,.420,175,569,.308,331,455,.727,279,1121,342,156,83,359,529
49,Campbell,29,16,13,.552,-4.83,-5.75,,8,8,,9,4,,5,8,,1919,1798,,1170,721,1567,.460,184,578,.318,293,431,.680,201,924,404,180,66,303,401
50,Canisius,32,11,21,.344,-7.83,-2.61,,7,13,,10,5,,1,15,,2192,2288,,1290,777,1942,.400,236,771,.306,402,580,.693,355,1133,416,193,83,378,550
51,Central Arkansas,31,11,20,.355,-13.61,-1.47,,7,9,,8,4,,3,14,,2269,2515,,1250,862,1960,.440,207,689,.300,338,444,.761,313,1099,444,211,99,424,518
52,Central Connecticut State,32,8,24,.250,-17.31,-6.97,,4,13,,4,7,,4,15,,1977,2308,,1295,690,1755,.393,235,688,.342,362,511,.708,296,1020,340,199,70,441,515
53,Central Florida,30,18,12,.600,6.34,4.74,,9,9,,13,3,,4,8,,2095,2047,,1205,740,1748,.423,264,754,.350,351,499,.703,332,1057,435,210,110,391,471
54,Central Michigan,30,7,23,.233,-12.10,-1.07,,6,12,,2,9,,5,11,,1978,2309,,1205,694,1696,.409,232,680,.341,358,517,.692,276,996,345,188,91,407,597
55,Charleston Southern,31,6,25,.194,-17.58,-4.23,,1,15,,4,9,,1,13,,2122,2356,,1245,745,1828,.408,256,830,.308,376,556,.676,325,1121,371,203,93,454,502
56,Charlotte,31,17,14,.548,-1.51,-0.32,,10,8,,11,4,,6,6,,2171,2208,,1240,781,1698,.460,233,675,.345,376,475,.792,220,969,433,149,90,356,436
57,Chattanooga NCAA,34,27,7,.794,5.93,-1.38,,14,4,,12,3,,12,4,,2543,2199,,1370,935,1994,.469,272,785,.346,401,533,.752,362,1221,443,244,75,374,526
58,Chicago State,32,7,25,.219,-13.91,-1.63,,3,15,,5,9,,2,15,,1987,2380,,1280,700,1791,.391,243,784,.310,344,526,.654,367,1067,303,175,72,474,629
59,Cincinnati,33,18,15,.545,7.59,4.43,,7,11,,12,6,,4,7,,2291,2176,,1320,812,2012,.404,269,853,.315,398,595,.669,379,1226,433,208,127,346,577
60,The Citadel,31,13,18,.419,-6.73,-1.91,,6,12,,7,8,,5,9,,2381,2382,,1265,838,1884,.445,332,938,.354,373,555,.672,289,1157,500,146,111,377,475
61,Clemson,33,17,16,.515,9.32,6.05,,8,12,,11,5,,3,8,,2367,2259,,1330,851,1868,.456,256,706,.363,409,556,.736,281,1143,470,195,77,364,521
62,Cleveland State,31,20,11,.645,-1.53,-5.39,,15,6,,15,3,,5,7,,2336,2168,,1265,853,1783,.478,197,602,.327,433,645,.671,345,1091,513,268,104,420,566
63,Coastal Carolina,29,16,13,.552,-0.03,-2.39,,8,8,,11,6,,4,5,,2111,1893,,1170,761,1689,.451,215,596,.361,374,538,.695,359,1157,388,192,107,380,421
64,Colgate NCAA,34,23,11,.676,0.83,-6.96,,16,2,,15,1,,8,10,,2586,2282,,1365,942,1977,.476,337,836,.403,365,525,.695,298,1230,584,212,125,385,494
65,College of Charleston,32,17,15,.531,0.21,-1.54,,8,10,,9,6,,7,8,,2502,2446,,1290,895,2039,.439,260,766,.339,452,619,.730,440,1291,422,255,88,500,658
66,Colorado State NCAA,30,25,5,.833,12.24,4.86,,14,4,,14,1,,6,3,,2212,1972,,1210,798,1645,.485,229,640,.358,387,500,.774,199,957,426,188,95,302,447
67,Colorado,33,21,12,.636,10.37,6.70,,12,8,,12,6,,6,4,,2345,2224,,1330,817,1847,.442,227,620,.366,484,640,.756,329,1223,441,181,105,447,516
68,Columbia,26,4,22,.154,-17.46,-4.58,,1,13,,3,10,,1,12,,1752,2049,,1045,651,1530,.425,198,556,.356,252,402,.627,264,918,313,154,53,396,434
69,Connecticut NCAA,32,23,9,.719,17.23,7.20,,13,6,,14,2,,5,5,,2406,2085,,1305,858,1970,.436,238,674,.353,452,603,.750,447,1308,448,191,208,380,537
70,Coppin State,32,9,23,.281,-12.57,-4.82,,6,8,,3,6,,4,16,,2142,2390,,1280,715,1851,.386,274,924,.297,438,640,.684,250,1094,353,258,96,461,539
71,Cornell,26,15,11,.577,-3.37,-3.41,,7,7,,10,2,,5,8,,2059,1941,,1045,735,1575,.467,251,721,.348,338,478,.707,258,985,450,206,76,370,486
72,Creighton NCAA,33,22,11,.667,11.42,8.33,,12,7,,11,4,,6,5,,2278,2176,,1330,850,1887,.450,221,721,.307,357,490,.729,318,1263,434,177,146,464,443
73,Dartmouth,25,9,16,.360,-4.00,-2.50,,6,8,,5,5,,4,11,,1709,1705,,1015,608,1459,.417,222,655,.339,271,351,.772,210,827,261,166,84,288,403
74,Davidson NCAA,33,27,6,.818,10.53,1.72,,15,3,,13,1,,9,3,,2494,2170,,1325,880,1828,.481,291,753,.386,443,585,.757,243,1129,484,154,85,325,486
75,Dayton,33,23,10,.697,10.16,2.19,,14,4,,13,4,,6,5,,2281,2018,,1320,842,1764,.477,220,602,.365,377,553,.682,309,1155,474,187,127,412,461
76,Delaware State,28,2,26,.071,-22.45,-7.21,,0,14,,2,11,,0,13,,1757,2058,,1125,633,1567,.404,169,520,.325,322,479,.672,278,987,271,203,112,489,504
77,Delaware NCAA,34,22,12,.647,0.11,-2.71,,10,8,,9,5,,8,5,,2508,2376,,1370,887,1890,.469,258,732,.352,476,641,.743,291,1114,431,225,127,430,532
78,Denver,32,11,21,.344,-9.64,-5.47,,7,11,,6,7,,4,12,,2257,2380,,1295,816,1773,.460,232,631,.368,393,564,.697,241,1032,394,167,107,414,557
79,DePaul,31,15,16,.484,8.15,7.05,,6,14,,11,7,,4,8,,2272,2238,,1245,816,1883,.433,204,644,.317,436,629,.693,367,1194,354,193,155,380,488
80,Detroit Mercy,29,14,15,.483,-5.60,-4.81,,10,7,,9,1,,5,14,,2043,2020,,1160,721,1649,.437,303,812,.373,298,381,.782,268,917,352,171,56,339,448
81,Dixie State,31,13,18,.419,-8.23,-0.23,,6,12,,10,6,,3,11,,2247,2296,,1245,795,1866,.426,219,698,.314,438,645,.679,333,1193,479,208,75,466,584
82,Drake,34,24,10,.706,7.71,1.68,,13,5,,14,3,,8,2,,2498,2250,,1390,912,2008,.454,235,696,.338,439,583,.753,344,1187,394,240,110,366,576
83,Drexel,29,15,14,.517,-0.49,-2.10,,10,8,,8,4,,6,7,,2112,2038,,1170,796,1718,.463,211,609,.346,309,435,.710,247,993,362,138,87,316,440
84,Duke NCAA,34,28,6,.824,19.15,6.12,,16,4,,15,3,,9,2,,2726,2283,,1365,1009,2064,.489,278,755,.368,430,590,.729,363,1303,575,220,188,348,464
85,Duquesne,30,6,24,.200,-6.21,1.99,,1,16,,3,11,,1,10,,1956,2202,,1220,742,1842,.403,187,614,.305,285,403,.707,342,1024,300,199,131,344,416
86,East Carolina,30,15,15,.500,0.61,2.77,,6,11,,12,4,,2,7,,2063,2128,,1210,700,1724,.406,225,676,.333,436,578,.754,299,1056,442,203,92,389,487
87,East Tennessee State,32,15,17,.469,-2.60,-0.20,,7,11,,8,6,,4,10,,2306,2336,,1285,853,1921,.444,281,802,.350,319,440,.725,350,1115,420,216,89,360,475
88,Eastern Illinois,31,5,26,.161,-20.71,-3.61,,3,15,,4,9,,1,16,,1746,2205,,1240,623,1567,.398,185,568,.326,315,494,.638,220,912,367,196,93,496,451
89,Eastern Kentucky,31,13,18,.419,-6.55,-5.18,,5,11,,12,5,,1,13,,2457,2327,,1265,887,2125,.417,363,1029,.353,320,453,.706,386,1122,485,316,113,359,513
90,Eastern Michigan,31,10,21,.323,-10.46,-2.62,,5,15,,8,7,,2,14,,2143,2356,,1270,782,1816,.431,196,636,.308,383,551,.695,258,1079,314,181,99,429,542
91,Eastern Washington,33,18,15,.545,-5.04,-5.27,,11,9,,9,3,,8,10,,2539,2453,,1330,879,1943,.452,288,827,.348,491,653,.752,302,1216,523,182,92,434,610
92,Elon,32,10,22,.313,-6.43,1.10,,7,11,,7,7,,3,11,,2147,2311,,1280,766,1800,.426,273,798,.342,342,464,.737,284,1061,401,155,78,417,651
93,Evansville,30,6,24,.200,-10.64,1.70,,2,16,,4,9,,2,11,,1775,2122,,1225,629,1581,.398,245,743,.330,272,384,.708,144,816,316,178,61,336,440
94,Fairfield,33,15,18,.455,-4.31,-4.53,,8,12,,6,9,,8,8,,2239,2177,,1335,820,1891,.434,251,739,.340,348,494,.704,313,1141,394,179,101,364,526
95,Fairleigh Dickinson,26,4,22,.154,-18.01,-6.08,,4,11,,3,6,,1,16,,1748,2058,,1050,632,1555,.406,178,550,.324,306,432,.708,268,860,307,168,77,357,475
96,Florida A&M,30,13,17,.433,-11.93,-6.50,,11,7,,8,4,,5,12,,1950,2064,,1210,732,1710,.428,137,453,.302,349,495,.705,269,978,360,188,92,375,532
97,Florida Atlantic,33,19,14,.576,3.03,-1.67,,11,7,,14,5,,4,8,,2448,2241,,1325,878,1933,.454,291,833,.349,401,564,.711,360,1197,447,243,94,429,557
98,Florida Gulf Coast,32,21,11,.656,-2.86,-4.83,,10,6,,15,3,,6,8,,2478,2342,,1310,883,1957,.451,323,925,.349,389,574,.678,363,1247,506,214,160,430,469
99,Florida International,32,15,17,.469,-6.32,-3.12,,5,13,,11,5,,1,11,,2264,2274,,1305,813,1892,.430,308,880,.350,330,470,.702,307,1121,443,205,128,447,494
100,Florida State,31,17,14,.548,6.17,7.10,,10,10,,11,4,,4,8,,2201,2230,,1250,799,1842,.434,208,628,.331,395,558,.708,352,1081,445,264,151,387,506
101,Florida,32,19,13,.594,12.76,8.08,,9,9,,12,5,,4,6,,2265,2115,,1290,774,1808,.428,256,833,.307,461,627,.735,353,1073,411,259,166,394,512
102,Fordham,32,16,16,.500,-0.80,-0.11,,8,10,,10,4,,3,9,,2115,2137,,1300,737,1870,.394,237,799,.297,404,556,.727,327,1179,379,234,119,421,565
103,Fresno State,32,19,13,.594,8.76,3.05,,8,9,,11,4,,5,8,,2069,1872,,1305,742,1690,.439,211,647,.326,374,516,.725,284,1085,372,188,84,362,494
104,Furman,34,22,12,.647,6.23,-1.41,,12,6,,12,3,,8,8,,2640,2336,,1390,945,2038,.464,401,1054,.380,349,461,.757,316,1126,591,281,119,357,496
105,Gardner-Webb,31,18,13,.581,-2.30,-4.37,,11,5,,11,3,,6,9,,2154,1989,,1240,784,1767,.444,230,699,.329,356,508,.701,273,1143,409,225,147,416,567
106,George Mason,30,14,16,.467,4.34,2.14,,7,9,,10,4,,4,8,,2122,2056,,1225,751,1685,.446,280,783,.358,340,490,.694,248,1042,424,152,95,367,480
107,George Washington,30,12,18,.400,-3.89,0.58,,8,9,,8,5,,3,10,,2051,2185,,1215,758,1769,.428,214,634,.338,321,460,.698,249,998,368,207,125,379,512
108,Georgetown,31,6,25,.194,1.96,8.29,,0,19,,6,11,,0,11,,2192,2388,,1240,770,1924,.400,237,693,.342,415,558,.744,394,1155,366,222,119,414,502
109,Georgia Southern,29,13,16,.448,-6.97,-2.97,,5,11,,7,5,,4,10,,1927,1903,,1170,714,1599,.447,170,559,.304,329,484,.680,283,1006,347,216,100,415,509
110,Georgia State NCAA,28,18,10,.643,-1.23,-2.31,,9,5,,8,4,,6,5,,1977,1813,,1135,699,1736,.403,215,654,.329,364,508,.717,372,1043,379,250,125,332,441
111,Georgia Tech,32,12,20,.375,1.91,5.75,,5,15,,8,10,,3,8,,2195,2264,,1300,823,1866,.441,228,646,.353,321,460,.698,284,1088,438,249,82,419,576
112,Georgia,32,6,26,.188,-0.36,8.33,,1,17,,6,13,,0,10,,2234,2512,,1280,763,1725,.442,205,638,.321,503,673,.747,269,1046,444,167,69,462,481
113,Gonzaga NCAA,29,26,3,.897,26.73,4.24,,13,1,,16,0,,5,1,,2547,1895,,1160,955,1811,.527,243,642,.379,394,540,.730,272,1204,528,193,170,341,447
114,Grambling,32,12,20,.375,-12.11,-4.84,,8,9,,6,4,,4,14,,2092,2273,,1280,749,1842,.407,163,517,.315,431,607,.710,333,1145,350,211,107,455,585
115,Grand Canyon,31,23,8,.742,6.10,-2.28,,12,5,,15,2,,6,5,,2204,1898,,1240,784,1822,.430,253,720,.351,383,564,.679,394,1249,396,206,68,403,550
116,Green Bay,30,5,25,.167,-13.57,-5.12,,4,16,,4,9,,1,13,,1852,2068,,1200,668,1593,.419,156,553,.282,360,504,.714,268,901,322,149,83,387,462
117,Hampton,28,9,19,.321,-13.46,-5.92,,5,11,,7,4,,2,11,,1814,1946,,1130,628,1572,.399,161,549,.293,397,567,.700,234,965,292,145,113,352,515
118,Hartford,32,12,20,.375,-9.93,-7.59,,9,9,,7,5,,5,13,,2234,2309,,1285,799,1778,.449,297,804,.369,339,491,.690,248,1037,390,193,101,390,479
119,Harvard,26,13,13,.500,-4.65,-4.17,,5,9,,9,6,,4,7,,1858,1797,,1055,676,1564,.432,221,669,.330,285,411,.693,243,903,295,198,63,321,409
120,Hawaii,28,17,11,.607,-0.10,-2.63,,12,5,,10,4,,5,5,,1928,1796,,1120,667,1514,.441,228,636,.358,366,492,.744,258,985,344,99,60,365,471
121,High Point,32,14,18,.438,-6.50,-3.36,,7,9,,10,6,,3,10,,2225,2232,,1315,808,1829,.442,208,621,.335,401,627,.640,322,1142,400,207,149,427,555
122,Hofstra,32,21,11,.656,1.60,-0.80,,13,5,,12,2,,8,8,,2494,2333,,1290,928,2004,.463,305,896,.340,333,418,.797,263,1062,495,255,87,330,478
123,Holy Cross,31,9,22,.290,-16.81,-7.84,,7,11,,5,9,,4,11,,2022,2192,,1240,742,1793,.414,181,527,.343,357,504,.708,310,1048,315,184,118,386,523
124,Houston Baptist,29,11,18,.379,-14.22,-6.46,,6,8,,7,6,,3,8,,2190,2220,,1180,762,1711,.445,200,621,.322,466,655,.711,331,1049,390,229,74,438,550
125,Houston NCAA,34,29,5,.853,22.30,5.36,,15,3,,16,1,,7,3,,2578,2002,,1375,957,2041,.469,272,798,.341,392,586,.669,454,1334,569,280,177,385,591
126,Howard,29,16,13,.552,-6.55,-8.32,,9,5,,9,4,,5,8,,2215,2019,,1165,759,1728,.439,245,683,.359,452,607,.745,295,998,418,243,104,428,524
127,Idaho State,30,7,23,.233,-14.65,-4.97,,5,15,,5,8,,2,14,,1931,2146,,1205,673,1608,.419,212,684,.310,373,545,.684,296,982,313,136,66,414,545
128,Idaho,31,9,22,.290,-12.86,-4.45,,6,14,,8,7,,1,12,,2263,2468,,1250,780,1765,.442,248,667,.372,455,619,.735,254,1060,370,110,69,422,607
129,Illinois-Chicago,30,14,16,.467,-8.47,-6.05,,9,10,,6,6,,8,8,,2159,2188,,1215,798,1815,.440,271,836,.324,292,414,.705,261,1002,441,173,119,360,515
130,Illinois State,33,13,20,.394,-0.46,1.05,,5,13,,11,6,,1,11,,2447,2466,,1355,869,1926,.451,259,705,.367,450,604,.745,321,1164,406,224,156,454,573
131,Illinois NCAA,31,22,9,.710,17.77,9.64,,15,5,,13,3,,7,4,,2349,2097,,1250,827,1826,.453,286,779,.367,409,578,.708,359,1197,477,160,93,377,507
132,Incarnate Word,32,7,25,.219,-16.75,-4.06,,3,11,,5,10,,1,11,,2145,2445,,1280,737,1773,.416,276,794,.348,395,504,.784,254,949,370,166,57,433,556
133,Indiana State,31,11,20,.355,-3.15,2.28,,4,14,,8,6,,2,11,,2184,2230,,1265,776,1759,.441,270,810,.333,362,465,.778,192,1055,406,186,60,408,472
134,Indiana NCAA,34,21,13,.618,13.90,8.28,,9,11,,14,4,,3,8,,2425,2234,,1375,885,1935,.457,204,609,.335,451,648,.696,312,1236,503,192,167,401,591
135,Iona,32,25,7,.781,5.12,-1.85,,17,3,,13,0,,7,4,,2408,2185,,1290,843,1889,.446,228,684,.333,494,709,.697,362,1183,516,207,197,402,581
136,Iowa State NCAA,32,20,12,.625,12.43,8.96,,7,11,,14,5,,4,6,,2127,2016,,1290,784,1787,.439,215,669,.321,344,503,.684,302,1024,471,269,98,442,577
137,Iowa NCAA,35,26,9,.743,19.82,7.33,,12,8,,15,3,,6,6,,2932,2495,,1410,1047,2256,.464,325,883,.368,513,685,.749,414,1304,563,259,153,321,565
138,Purdue-Fort Wayne,32,21,11,.656,-5.01,-6.87,,15,6,,14,2,,6,7,,2359,2211,,1300,842,1835,.459,306,823,.372,369,490,.753,239,990,456,283,80,430,493
139,IUPUI,29,3,26,.103,-23.31,-6.23,,1,16,,2,11,,1,13,,1521,1946,,1160,557,1467,.380,149,511,.292,258,387,.667,300,913,303,166,74,481,513
140,Jackson State,30,11,19,.367,-9.77,-5.27,,9,9,,6,3,,5,15,,1829,1964,,1205,694,1702,.408,155,517,.300,286,451,.634,336,1054,325,183,117,395,512
141,Jacksonville State NCAA,31,21,10,.677,0.02,-4.36,,13,3,,11,4,,9,5,,2292,2071,,1245,819,1735,.472,289,744,.388,365,536,.681,297,1145,449,192,91,411,438
142,Jacksonville,31,21,10,.677,-1.95,-5.10,,11,5,,15,0,,6,10,,2081,1839,,1245,768,1706,.450,187,539,.347,358,506,.708,336,1128,387,203,60,352,467
143,James Madison,29,15,14,.517,-4.33,-1.30,,6,12,,9,6,,5,6,,2178,2123,,1175,804,1737,.463,215,623,.345,355,509,.697,269,970,388,247,61,360,476
144,Kansas State,31,14,17,.452,10.75,9.21,,6,12,,9,7,,5,7,,2139,2091,,1250,748,1780,.420,261,754,.346,382,526,.726,275,1030,386,227,51,356,530
145,Kansas NCAA,34,28,6,.824,21.85,11.41,,14,4,,16,1,,6,4,,2672,2317,,1375,974,2025,.481,243,684,.355,481,664,.724,376,1270,525,218,141,425,540
146,Kennesaw State,31,13,18,.419,-4.33,-2.44,,7,9,,10,6,,3,12,,2319,2206,,1260,850,1836,.463,258,706,.365,361,545,.662,332,1102,446,221,86,383,531
147,Kent State,33,23,10,.697,0.36,-2.81,,16,4,,11,4,,8,4,,2344,2134,,1320,825,1871,.441,247,749,.330,447,598,.747,344,1189,410,236,115,408,597
148,Kentucky NCAA,33,26,7,.788,21.86,8.40,,14,4,,18,0,,6,5,,2622,2178,,1325,1004,2072,.485,203,581,.349,411,563,.730,427,1329,531,225,138,381,470
149,La Salle,30,11,19,.367,-3.34,0.70,,5,13,,8,7,,2,10,,2025,2146,,1215,743,1796,.414,229,717,.319,310,451,.687,325,1094,401,177,128,394,517
150,Lafayette,30,10,20,.333,-12.55,-6.62,,7,11,,6,9,,4,11,,2034,2185,,1225,757,1750,.433,263,802,.328,257,376,.684,241,958,485,188,101,331,432
151,Lamar,29,2,27,.069,-15.54,-2.28,,0,16,,2,9,,0,18,,1778,2116,,1160,664,1654,.401,152,508,.299,298,433,.688,320,1009,321,169,86,422,545
152,Lehigh,32,13,19,.406,-10.74,-7.48,,10,8,,9,7,,4,12,,2190,2284,,1285,796,1782,.447,260,681,.382,338,456,.741,222,1067,453,141,114,427,540
153,Liberty,33,22,11,.667,2.09,-3.78,,12,4,,13,3,,6,3,,2421,2094,,1330,851,1801,.473,341,892,.382,378,500,.756,234,1131,486,178,63,383,495
154,Lipscomb,33,14,19,.424,-8.30,-3.16,,6,10,,9,6,,3,13,,2442,2536,,1320,850,1860,.457,267,776,.344,475,652,.729,252,1186,502,146,89,425,444
155,Long Beach State,32,20,12,.625,0.13,0.47,,14,3,,11,3,,6,6,,2365,2316,,1295,822,1869,.440,210,593,.354,511,702,.728,316,1136,407,225,102,429,525
156,Long Island University,30,16,14,.533,-7.50,-6.91,,12,6,,12,1,,4,13,,2245,2204,,1210,812,1897,.428,238,758,.314,383,563,.680,353,1182,508,231,147,408,508
157,Longwood NCAA,32,26,6,.813,0.13,-6.98,,15,1,,16,1,,7,5,,2443,2082,,1290,853,1880,.454,262,690,.380,475,656,.724,385,1193,449,248,78,383,494
158,Louisiana,31,16,15,.516,-2.50,-2.71,,8,9,,7,6,,6,8,,2203,2151,,1250,766,1791,.428,228,659,.346,443,630,.703,369,1203,384,211,135,476,555
159,Louisiana-Monroe,31,13,18,.419,-8.44,-2.33,,5,13,,8,7,,5,10,,2246,2304,,1255,839,1847,.454,219,648,.338,349,482,.724,276,1004,466,223,85,395,521
160,Louisiana State NCAA,33,22,11,.667,18.05,8.48,,9,9,,15,2,,3,8,,2413,2097,,1330,862,1959,.440,216,678,.319,473,646,.732,399,1219,420,366,144,480,638
161,Louisiana Tech,34,24,10,.706,5.42,0.29,,12,6,,13,3,,8,5,,2558,2312,,1360,911,2001,.455,281,826,.340,455,628,.725,315,1230,465,221,73,392,497
162,Louisville,32,13,19,.406,3.92,6.71,,6,14,,8,8,,2,10,,2154,2243,,1290,795,1882,.422,246,795,.309,318,472,.674,319,1167,382,196,77,391,549
163,Loyola (IL) NCAA,32,25,7,.781,14.17,2.94,,13,5,,12,2,,8,3,,2362,1975,,1300,840,1739,.483,285,745,.383,397,552,.719,246,1088,480,220,78,390,549
164,Loyola Marymount,29,11,18,.379,-1.63,3.55,,3,12,,6,7,,3,9,,2010,2148,,1170,718,1580,.454,210,609,.345,364,506,.719,229,861,323,158,50,385,515
165,Loyola (MD),30,14,16,.467,-8.40,-7.95,,8,10,,10,3,,3,12,,1984,1970,,1210,747,1689,.442,207,649,.319,283,414,.684,246,963,448,235,80,391,460
166,Maine,29,6,23,.207,-18.30,-5.26,,3,15,,5,9,,1,14,,1811,2063,,1160,685,1654,.414,196,637,.308,245,345,.710,256,911,386,208,80,366,505
167,Manhattan,30,15,15,.500,-7.99,-4.19,,8,12,,8,5,,4,9,,2126,2179,,1215,730,1659,.440,169,550,.307,497,676,.735,304,999,346,215,100,434,540
168,Marist,30,14,16,.467,-4.58,-5.18,,9,11,,7,6,,7,9,,2063,2045,,1215,763,1737,.439,225,654,.344,312,434,.719,274,1054,269,175,101,371,467
169,Marquette NCAA,31,19,12,.613,12.54,9.02,,11,8,,13,3,,4,7,,2306,2197,,1250,835,1842,.453,267,769,.347,369,494,.747,238,1076,496,244,158,386,541
170,Marshall,33,12,21,.364,-4.41,0.31,,4,14,,8,9,,3,11,,2442,2523,,1320,919,2107,.436,250,830,.301,354,502,.705,356,1226,471,223,160,433,511
171,Maryland-Baltimore County,32,18,14,.563,-6.00,-6.45,,11,7,,11,4,,6,10,,2359,2307,,1285,813,1832,.444,294,778,.378,439,560,.784,236,1048,396,153,66,351,427
172,Maryland-Eastern Shore,26,11,15,.423,-12.41,-7.23,,6,8,,6,4,,5,10,,1736,1726,,1050,615,1502,.409,202,631,.320,304,469,.648,283,897,326,264,59,399,438
173,Maryland,32,15,17,.469,9.75,9.53,,7,13,,10,8,,3,7,,2270,2263,,1290,790,1824,.433,221,678,.326,469,618,.759,303,1126,372,204,102,366,485
174,Massachusetts-Lowell,31,15,16,.484,-7.00,-6.57,,7,11,,8,6,,6,9,,2191,2040,,1250,831,1867,.445,183,598,.306,346,493,.702,324,1113,362,227,129,386,495
175,Massachusetts,32,15,17,.469,-0.52,1.85,,7,11,,10,5,,3,8,,2422,2498,,1295,823,1901,.433,304,819,.371,472,623,.758,335,1079,437,207,83,371,546
176,McNeese State,33,11,22,.333,-11.50,-4.77,,4,10,,6,5,,2,13,,2579,2555,,1350,933,2071,.451,213,681,.313,500,759,.659,458,1336,418,257,116,536,662
177,Memphis NCAA,31,21,10,.677,14.40,7.37,,13,5,,13,2,,5,6,,2338,2120,,1240,835,1774,.471,196,546,.359,472,682,.692,387,1201,498,270,176,507,580
178,Mercer,33,16,17,.485,-3.30,-1.04,,8,10,,10,4,,4,11,,2325,2328,,1330,828,1811,.457,268,764,.351,401,521,.770,260,1087,473,203,98,408,502
179,Merrimack,30,14,16,.467,-10.63,-6.59,,9,8,,7,7,,7,9,,1843,1931,,1210,673,1600,.421,214,647,.331,283,419,.675,224,855,346,271,120,353,478
180,Miami (FL) NCAA,33,23,10,.697,10.10,6.31,,14,6,,10,5,,10,2,,2469,2344,,1325,910,1903,.478,241,683,.353,408,549,.743,248,1005,463,288,97,317,493
181,Miami (OH),32,14,18,.438,-5.99,-3.79,,8,12,,9,8,,5,9,,2408,2351,,1290,870,1980,.439,292,844,.346,376,478,.787,315,1107,440,177,101,332,512
182,Michigan State NCAA,34,22,12,.647,13.77,10.12,,11,9,,12,3,,5,6,,2451,2327,,1360,884,1935,.457,244,646,.378,439,588,.747,341,1263,537,198,172,445,576
183,Michigan NCAA,31,17,14,.548,14.08,10.92,,11,9,,10,5,,5,7,,2264,2166,,1240,840,1794,.468,197,580,.340,387,519,.746,310,1102,440,148,96,358,482
184,Middle Tennessee,33,23,10,.697,3.96,-0.95,,13,5,,15,0,,5,9,,2456,2217,,1340,858,1924,.446,272,829,.328,468,616,.760,347,1166,411,265,138,436,601
185,Milwaukee,32,10,22,.313,-12.87,-6.00,,8,14,,6,10,,4,10,,2073,2264,,1280,762,1805,.422,199,628,.317,350,488,.717,286,1149,366,157,119,423,541
186,Minnesota,30,13,17,.433,6.41,8.61,,4,16,,8,7,,3,9,,2010,2076,,1210,744,1699,.438,234,636,.368,288,401,.718,180,920,379,160,83,276,422
187,Mississippi State,33,18,15,.545,12.36,7.91,,8,10,,14,3,,1,9,,2339,2192,,1335,837,1845,.454,153,519,.295,512,709,.722,379,1207,443,266,113,433,517
188,Mississippi Valley State,28,2,26,.071,-21.90,-6.15,,2,16,,0,11,,2,15,,1882,2323,,1145,665,1717,.387,199,652,.305,353,539,.655,269,882,319,205,67,375,508
189,Mississippi,32,13,19,.406,7.04,7.57,,4,14,,10,8,,2,7,,2180,2197,,1295,793,1824,.435,222,680,.326,372,523,.711,296,1070,422,227,89,391,486
190,Kansas City,31,19,12,.613,-4.97,-4.71,,12,6,,11,3,,8,7,,2311,2085,,1240,855,1788,.478,225,615,.366,376,556,.676,209,967,410,230,86,325,625
191,Missouri State,34,23,11,.676,8.64,1.40,,13,5,,12,4,,8,5,,2628,2342,,1370,954,1980,.482,283,756,.374,437,548,.797,275,1199,413,181,113,362,522
192,Missouri,33,12,21,.364,3.31,9.47,,5,13,,8,8,,2,10,,2160,2325,,1325,790,1854,.426,171,609,.281,409,556,.736,361,1155,399,215,134,476,587
193,Monmouth,34,21,13,.618,-0.79,-2.09,,11,9,,9,5,,10,7,,2333,2289,,1370,801,1915,.418,216,652,.331,515,707,.728,355,1241,397,213,113,398,615
194,Montana State NCAA,34,27,7,.794,0.49,-6.04,,16,4,,13,1,,9,6,,2617,2328,,1375,902,1897,.475,260,705,.369,553,734,.753,295,1206,448,178,127,434,617
195,Montana,32,18,14,.563,-6.16,-5.88,,11,9,,14,3,,4,10,,2310,2141,,1285,794,1752,.453,224,641,.349,498,634,.785,200,980,420,176,91,328,599
196,Morehead State,34,23,11,.676,1.11,-3.12,,13,5,,12,2,,8,8,,2379,2158,,1365,868,1904,.456,283,786,.360,360,540,.667,351,1246,546,199,196,458,511
197,Morgan State,27,13,14,.481,-12.36,-7.88,,7,6,,8,3,,3,9,,2035,1955,,1085,746,1701,.439,172,539,.319,371,551,.673,325,995,404,229,93,419,529
198,Mount St. Mary's,30,14,16,.467,-7.97,-6.97,,9,7,,8,5,,6,11,,1984,1958,,1210,750,1693,.443,178,516,.345,306,445,.688,321,1050,398,171,121,388,472
199,Murray State NCAA,32,30,2,.938,10.39,-3.61,,18,0,,15,0,,11,1,,2538,1993,,1280,929,1940,.479,258,730,.353,422,608,.694,400,1254,471,253,100,365,479
200,Navy,32,21,11,.656,-2.93,-6.35,,12,6,,9,6,,11,5,,2079,1924,,1290,770,1792,.430,184,565,.326,355,542,.655,378,1194,392,226,107,412,511
201,Omaha,30,5,25,.167,-16.51,-1.78,,4,14,,5,9,,0,15,,2088,2505,,1200,755,1751,.431,212,597,.355,366,501,.731,262,984,328,144,77,410,577
202,Nebraska,32,10,22,.313,3.49,8.74,,4,16,,7,12,,3,8,,2345,2513,,1305,832,1875,.444,224,701,.320,457,625,.731,234,1059,408,230,87,402,556
203,Nevada-Las Vegas,32,18,14,.563,7.67,5.06,,10,8,,14,4,,4,7,,2236,2099,,1280,782,1842,.425,263,783,.336,409,554,.738,308,1156,442,196,90,358,571
204,Nevada,31,13,18,.419,4.16,6.53,,6,12,,7,7,,3,9,,2249,2284,,1240,802,1786,.449,216,648,.333,429,573,.749,257,1077,453,198,103,409,545
205,New Hampshire,28,15,13,.536,-6.25,-7.14,,10,8,,10,4,,5,9,,1925,1819,,1120,706,1605,.440,242,661,.366,271,405,.669,279,1004,340,130,80,254,376
206,New Mexico State NCAA,32,26,6,.813,6.75,0.54,,13,4,,13,2,,9,3,,2346,2081,,1285,828,1810,.457,251,769,.326,439,629,.698,356,1231,445,162,133,448,508
207,New Mexico,32,13,19,.406,1.65,4.72,,5,12,,11,7,,2,9,,2376,2411,,1290,834,1920,.434,249,724,.344,459,612,.750,277,1088,376,200,139,375,587
208,New Orleans,31,18,13,.581,-7.15,-7.15,,10,4,,12,2,,3,9,,2396,2291,,1250,866,1838,.471,129,414,.312,535,734,.729,285,1125,410,244,87,443,578
209,Niagara,30,14,16,.467,-3.44,-3.34,,9,11,,7,4,,5,10,,2022,1965,,1215,737,1678,.439,209,605,.345,339,464,.731,229,971,367,169,80,328,456
210,Nicholls State,32,21,11,.656,-3.52,-6.23,,11,3,,11,1,,7,7,,2532,2284,,1290,994,2103,.473,262,793,.330,282,447,.631,381,1228,432,266,126,394,583
211,NJIT,29,11,18,.379,-14.54,-6.08,,6,12,,6,8,,5,10,,1826,2030,,1175,656,1603,.409,186,569,.327,328,498,.659,240,995,293,176,106,372,458
212,Norfolk State NCAA,30,24,6,.800,-3.37,-10.30,,12,2,,11,0,,7,6,,2253,1912,,1200,796,1709,.466,211,607,.348,450,645,.698,304,1163,379,201,110,420,530
213,North Alabama,30,9,21,.300,-11.08,-2.96,,2,14,,6,7,,3,12,,2081,2056,,1210,752,1903,.395,248,786,.316,329,437,.753,328,1084,304,205,104,357,559
214,UNC Asheville,30,16,14,.533,-5.14,-5.62,,8,8,,9,6,,6,7,,2246,2046,,1230,770,1693,.455,244,683,.357,462,636,.726,278,1016,378,194,148,368,473
215,North Carolina A&T,32,12,20,.375,-9.80,-4.35,,6,10,,7,4,,3,13,,2167,2250,,1290,806,1899,.424,202,647,.312,353,540,.654,356,1135,392,249,103,406,611
216,North Carolina Central,31,16,15,.516,-11.16,-7.23,,8,5,,9,2,,5,11,,2256,2120,,1255,809,1801,.449,201,606,.332,437,654,.668,362,1119,384,271,67,488,631
217,UNC Greensboro,31,17,14,.548,-2.15,-1.75,,9,9,,9,5,,7,6,,2015,2008,,1255,727,1686,.431,224,658,.340,337,465,.725,336,1087,372,198,51,407,473
218,NC State,32,11,21,.344,3.47,6.06,,4,16,,7,10,,3,7,,2336,2419,,1305,824,1997,.413,267,784,.341,421,581,.725,377,1115,362,225,118,321,527
219,UNC Wilmington,32,23,9,.719,-2.32,-3.52,,15,3,,12,2,,9,5,,2251,2176,,1300,789,1886,.418,228,695,.328,445,613,.726,336,1074,338,245,137,336,566
220,North Carolina NCAA,33,24,9,.727,13.11,7.32,,15,5,,15,2,,8,3,,2558,2367,,1330,912,2014,.453,273,755,.362,461,597,.772,352,1313,489,179,127,385,474
221,North Dakota State,33,23,10,.697,-1.06,-4.12,,13,5,,12,3,,9,6,,2469,2267,,1340,867,1878,.462,251,701,.358,484,636,.761,275,1234,367,129,114,384,514
222,North Dakota,31,6,25,.194,-16.10,-4.79,,2,16,,4,11,,1,13,,2178,2444,,1245,739,1826,.405,278,806,.345,422,575,.734,310,1099,373,124,58,371,538
223,North Florida,31,11,20,.355,-8.12,0.31,,7,9,,7,5,,4,15,,2124,2206,,1250,725,1743,.416,296,873,.339,378,520,.727,282,1049,394,172,149,453,486
224,North Texas,31,25,6,.806,9.13,1.09,,16,2,,13,2,,9,1,,2014,1712,,1245,697,1576,.442,239,669,.357,381,589,.647,321,1056,338,207,86,355,490
225,Northeastern,31,9,22,.290,-6.15,-1.34,,2,16,,6,8,,0,12,,1993,2142,,1250,709,1624,.437,210,657,.320,365,497,.734,250,992,352,146,85,433,472
226,Northern Arizona,32,9,23,.281,-13.13,-3.73,,5,15,,5,11,,3,11,,2161,2347,,1290,770,1845,.417,277,773,.358,344,518,.664,334,1175,403,144,80,431,586
227,Northern Colorado,35,20,15,.571,-4.22,-3.59,,13,7,,9,4,,8,9,,2737,2689,,1415,962,2032,.473,359,938,.383,454,630,.721,259,1194,432,145,99,430,617
228,Northern Illinois,30,9,21,.300,-10.08,-2.64,,6,14,,3,8,,6,11,,1923,2146,,1205,690,1646,.419,175,552,.317,368,545,.675,254,969,337,188,82,411,612
229,Northern Iowa,30,19,11,.633,6.09,3.33,,14,4,,10,4,,8,4,,2232,2115,,1225,769,1677,.459,251,718,.350,443,561,.790,207,981,348,170,43,335,415
230,Northern Kentucky,32,20,12,.625,-2.84,-5.84,,14,6,,12,4,,7,7,,2237,2083,,1300,805,1877,.429,280,811,.345,347,486,.714,398,1137,440,290,80,421,488
231,Northwestern State,32,9,23,.281,-13.79,-2.93,,5,9,,6,6,,2,14,,2363,2573,,1280,895,2012,.445,233,681,.342,340,490,.694,351,1146,481,203,112,446,542
232,Northwestern,31,15,16,.484,9.37,7.57,,7,13,,10,6,,3,8,,2262,2168,,1260,824,1928,.427,259,746,.347,355,494,.719,295,1100,490,201,108,303,545
233,Notre Dame NCAA,32,22,10,.688,11.10,6.10,,15,5,,14,1,,7,5,,2320,2139,,1290,830,1795,.462,293,771,.380,367,484,.758,229,1090,453,163,60,331,412
234,Oakland,32,20,12,.625,-1.29,-3.79,,12,7,,10,3,,7,8,,2380,2194,,1285,824,1876,.439,234,777,.301,498,627,.794,345,1104,428,289,77,392,437
235,Ohio State NCAA,30,19,11,.633,14.36,9.03,,12,8,,13,3,,5,6,,2214,2054,,1210,777,1640,.474,243,651,.373,417,549,.760,265,1031,383,133,144,329,491
236,Ohio,33,24,9,.727,2.10,-4.06,,14,6,,15,2,,8,6,,2440,2223,,1320,847,1967,.431,305,897,.340,441,602,.733,328,1128,422,248,86,346,474
237,Oklahoma State,30,15,15,.500,13.30,10.60,,8,10,,10,6,,3,8,,2051,1970,,1230,754,1737,.434,161,546,.295,382,573,.667,347,1113,380,256,163,453,522
238,Oklahoma,34,19,15,.559,14.47,10.26,,7,11,,12,5,,3,8,,2349,2206,,1380,859,1804,.476,255,741,.344,376,504,.746,261,1085,472,254,66,502,530
239,Old Dominion,32,13,19,.406,-1.25,-0.02,,8,10,,10,4,,3,11,,2127,2145,,1285,786,1810,.434,141,480,.294,414,616,.672,365,1194,395,205,105,381,508
240,Oral Roberts,31,19,12,.613,-0.36,-4.00,,12,6,,10,5,,8,6,,2582,2306,,1250,937,2052,.457,360,948,.380,348,477,.730,332,1247,364,171,130,307,476
241,Oregon State,31,3,28,.097,-0.96,8.88,,1,19,,3,13,,0,12,,2117,2422,,1260,795,1795,.443,176,552,.319,351,495,.709,280,955,376,185,94,389,544
242,Oregon,34,20,14,.588,10.89,8.38,,11,9,,12,5,,6,5,,2472,2365,,1370,915,2018,.453,243,724,.336,399,590,.676,352,1194,414,232,113,400,565
243,Pacific,30,8,22,.267,-7.63,0.80,,3,11,,7,7,,0,13,,1976,2182,,1205,710,1710,.415,182,572,.318,374,545,.686,242,985,343,192,77,369,496
244,Penn State,31,14,17,.452,9.15,9.54,,7,13,,10,5,,1,10,,2003,2015,,1255,740,1712,.432,249,729,.342,274,373,.735,287,1095,368,164,67,366,478
245,Pennsylvania,28,12,16,.429,-3.84,-0.41,,9,5,,6,3,,5,10,,2017,2113,,1130,748,1677,.446,226,675,.335,295,405,.728,247,966,354,154,63,330,483
246,Pepperdine,32,7,25,.219,-6.67,3.78,,1,15,,7,9,,0,13,,2183,2480,,1290,810,1937,.418,232,682,.340,331,461,.718,316,1103,473,181,75,471,572
247,Pittsburgh,32,11,21,.344,0.09,6.62,,6,14,,8,11,,3,9,,1969,2178,,1280,675,1630,.414,172,548,.314,447,642,.696,317,1083,352,172,123,435,489
248,Portland State,31,14,17,.452,-7.40,-5.37,,10,10,,7,7,,5,9,,2280,2237,,1250,820,1905,.430,191,640,.298,449,605,.742,318,1050,352,289,102,384,614
249,Portland,32,18,14,.563,-1.40,-0.44,,7,7,,10,4,,6,8,,2364,2304,,1285,803,1845,.435,242,702,.345,516,649,.795,264,1167,447,160,78,419,526
250,Prairie View,27,8,19,.296,-10.22,-3.40,,8,8,,5,4,,3,13,,1877,2061,,1095,648,1515,.428,171,495,.345,410,583,.703,297,945,309,229,83,471,573
251,Presbyterian,32,12,20,.375,-8.40,-3.58,,4,12,,7,7,,3,12,,2170,2174,,1325,794,1881,.422,183,677,.270,399,592,.674,391,1140,403,253,87,434,610
252,Princeton,30,23,7,.767,2.72,-3.89,,12,2,,13,1,,8,4,,2395,2103,,1215,910,1866,.488,327,846,.387,248,388,.639,268,1066,464,186,54,305,420
253,Providence NCAA,30,25,5,.833,12.27,7.47,,14,3,,16,1,,7,2,,2154,2010,,1225,733,1676,.437,219,639,.343,469,646,.726,316,1124,396,151,113,350,479
254,Purdue NCAA,34,27,7,.794,19.76,8.73,,14,6,,16,1,,5,5,,2713,2338,,1375,960,1946,.493,297,760,.391,496,706,.703,381,1311,565,157,119,397,488
255,Quinnipiac,31,14,17,.452,-5.99,-4.62,,7,13,,8,7,,4,9,,2226,2216,,1245,789,1830,.431,276,801,.345,372,486,.765,306,1096,446,197,66,402,518
256,Radford,29,11,18,.379,-9.23,-3.89,,7,9,,8,4,,3,12,,1832,1955,,1175,666,1607,.414,201,655,.307,299,447,.669,294,966,316,192,44,400,519
257,Rhode Island,31,15,16,.484,3.01,1.31,,5,12,,10,5,,3,9,,2081,2015,,1240,769,1687,.456,166,493,.337,377,608,.620,299,1124,417,229,186,442,532
258,Rice,32,16,16,.500,-2.70,-1.14,,7,11,,10,5,,4,8,,2382,2356,,1300,840,1831,.459,293,786,.373,409,573,.714,279,1133,500,165,55,399,445
259,Richmond NCAA,35,23,12,.657,7.41,3.98,,10,8,,11,4,,7,5,,2510,2390,,1410,889,2002,.444,284,842,.337,448,618,.725,264,1131,513,275,80,343,486
260,Rider,33,14,19,.424,-6.22,-3.90,,8,12,,7,6,,4,11,,2237,2286,,1335,826,1997,.414,184,572,.322,401,545,.736,360,1223,420,226,81,391,565
261,Robert Morris,32,8,24,.250,-12.21,-5.18,,5,16,,4,10,,4,14,,2220,2390,,1290,823,1777,.463,192,567,.339,382,503,.759,286,1043,405,192,122,456,496
262,Rutgers NCAA,31,18,13,.581,9.19,7.09,,12,8,,14,3,,4,9,,2105,2040,,1250,790,1785,.443,188,560,.336,337,481,.701,314,1097,464,224,122,356,489
263,Sacramento State,29,11,18,.379,-11.71,-5.01,,6,14,,5,8,,4,9,,1898,2035,,1165,696,1615,.431,196,546,.359,310,457,.678,225,903,319,173,82,321,498
264,Sacred Heart,30,10,20,.333,-13.32,-8.70,,6,10,,6,7,,4,13,,2180,2254,,1210,807,1812,.445,242,706,.343,324,447,.725,337,1086,436,164,66,416,469
265,Saint Francis (PA),30,9,21,.300,-14.37,-7.71,,5,13,,4,8,,5,13,,2058,2205,,1215,764,1808,.423,177,562,.315,353,545,.648,356,1099,389,197,83,378,442
266,Saint Joseph's,30,11,19,.367,1.15,2.62,,5,13,,9,7,,1,10,,2028,2072,,1210,747,1774,.421,268,797,.336,266,407,.654,292,1128,406,148,74,406,484
267,Saint Louis,34,23,11,.676,10.48,3.54,,12,6,,14,4,,5,6,,2598,2296,,1375,933,2030,.460,231,622,.371,501,657,.763,403,1312,504,222,108,437,617
268,Saint Mary's (CA) NCAA,32,25,7,.781,14.75,6.40,,12,3,,16,0,,6,4,,2232,1936,,1280,837,1806,.463,229,654,.350,329,432,.762,275,1082,430,224,82,363,499
269,Saint Peter's NCAA,30,19,11,.633,0.83,-3.10,,14,6,,9,4,,7,7,,2006,1853,,1205,707,1641,.431,176,499,.353,416,609,.683,330,1086,366,218,148,416,585
270,Sam Houston State,33,19,14,.576,0.43,-0.81,,13,5,,11,2,,5,8,,2272,2082,,1325,846,1984,.426,287,837,.343,293,484,.605,345,1234,466,251,81,416,594
271,Samford,32,21,11,.656,-2.81,-1.56,,10,8,,13,2,,5,8,,2390,2363,,1290,856,1921,.446,281,836,.336,397,544,.730,340,1139,411,238,94,440,564
272,San Diego State NCAA,31,23,8,.742,13.74,6.12,,13,4,,14,1,,5,5,,2024,1788,,1250,734,1697,.433,187,523,.358,369,531,.695,304,1089,368,232,146,393,539
273,San Diego,31,15,16,.484,-2.92,1.87,,7,9,,8,6,,5,8,,2041,2086,,1250,770,1797,.428,170,508,.335,331,463,.715,297,1113,308,157,114,386,493
274,San Francisco NCAA,33,24,9,.727,14.78,5.47,,10,6,,14,4,,7,2,,2543,2212,,1320,912,1996,.457,318,899,.354,401,576,.696,352,1252,433,254,152,425,591
275,San Jose State,31,8,23,.258,-6.56,4.24,,1,17,,7,9,,1,13,,1993,2242,,1245,734,1717,.427,273,775,.352,252,383,.658,236,965,404,162,98,409,506
276,Santa Clara,33,21,12,.636,9.33,3.97,,10,5,,14,4,,5,6,,2550,2373,,1325,950,1961,.484,238,629,.378,412,541,.762,246,1172,499,197,124,381,495
277,Seattle,32,23,9,.719,2.29,-3.78,,14,4,,17,2,,6,6,,2395,2132,,1285,829,1989,.417,309,910,.340,426,556,.766,319,1203,436,221,116,371,657
278,Seton Hall NCAA,31,21,10,.677,13.88,8.62,,11,8,,13,3,,6,5,,2260,2056,,1245,793,1873,.423,228,671,.340,446,589,.757,379,1207,321,218,169,372,483
279,Siena,29,15,14,.517,-6.78,-3.88,,12,8,,8,5,,7,8,,1922,2006,,1175,691,1621,.426,196,551,.356,344,469,.733,240,955,291,180,116,364,464
280,South Alabama,30,19,11,.633,0.94,-3.14,,9,7,,13,2,,4,8,,2141,1895,,1205,778,1699,.458,201,598,.336,384,546,.703,290,1035,345,206,146,378,499
281,South Carolina State,31,15,16,.484,-12.85,-8.20,,7,7,,8,5,,5,8,,2227,2249,,1255,797,2030,.393,197,657,.300,436,633,.689,472,1296,379,206,111,458,614
282,South Carolina Upstate,31,15,16,.484,-9.11,-4.18,,10,6,,6,7,,8,8,,2208,2258,,1250,792,1768,.448,248,681,.364,376,502,.749,230,1009,426,197,104,393,593
283,South Carolina,31,18,13,.581,7.43,8.66,,9,9,,12,4,,4,7,,2200,2178,,1245,811,1913,.424,211,667,.316,367,547,.671,401,1187,435,243,157,472,602
284,South Dakota State NCAA,34,30,4,.882,7.21,-3.76,,18,0,,14,0,,10,3,,2948,2495,,1365,1056,2012,.525,319,710,.449,517,681,.759,253,1209,516,206,85,375,525
285,South Dakota,31,19,12,.613,-3.92,-5.09,,11,7,,11,4,,6,7,,2329,2198,,1250,829,1779,.466,221,591,.374,450,600,.750,272,1065,370,137,71,309,547
286,South Florida,31,8,23,.258,-2.85,4.60,,3,15,,6,10,,2,9,,1781,2012,,1240,670,1790,.374,138,547,.252,303,455,.666,350,1114,339,193,116,389,529
287,Southeast Missouri State,32,14,18,.438,-6.85,-4.35,,8,9,,8,5,,5,10,,2418,2473,,1285,818,1871,.437,281,816,.344,501,684,.732,290,1066,446,207,85,420,649
288,Southeastern Louisiana,33,19,14,.576,-8.97,-5.66,,10,4,,10,1,,5,10,,2611,2573,,1325,888,1924,.462,295,822,.359,540,713,.757,300,1079,507,261,129,470,530
289,Southern California NCAA,33,26,7,.788,13.14,6.47,,14,6,,13,3,,9,3,,2395,2175,,1330,886,1952,.454,221,624,.354,402,604,.666,393,1325,468,169,148,397,515
290,SIU Edwardsville,32,11,21,.344,-10.02,-4.35,,5,13,,8,5,,3,13,,2161,2238,,1295,772,1848,.418,188,646,.291,429,621,.691,410,1196,394,228,122,482,584
291,Southern Illinois,31,16,15,.516,3.16,1.06,,9,9,,11,4,,4,8,,1985,1902,,1240,713,1600,.446,239,675,.354,320,464,.690,218,943,372,170,65,354,473
292,Southern Methodist,31,23,8,.742,11.78,4.59,,13,4,,16,0,,6,5,,2305,2082,,1245,782,1762,.444,272,749,.363,469,632,.742,295,1165,433,195,135,381,473
293,Southern Mississippi,33,7,26,.212,-13.49,-0.30,,1,17,,3,11,,1,14,,2126,2471,,1330,801,1866,.429,177,565,.313,347,504,.688,271,1107,406,165,91,439,529
294,Southern Utah,31,20,11,.645,-1.95,-5.12,,14,6,,11,3,,7,7,,2430,2257,,1260,854,1866,.458,256,753,.340,466,653,.714,321,1173,360,195,81,390,538
295,Southern,31,17,14,.548,-4.87,-6.67,,11,6,,9,2,,8,11,,2229,2103,,1245,791,1796,.440,213,604,.353,434,624,.696,296,976,415,325,80,449,634
296,St. Bonaventure,30,21,9,.700,8.25,4.28,,12,5,,13,2,,5,4,,2110,1991,,1205,792,1748,.453,178,548,.325,348,464,.750,274,1020,414,193,147,317,401
297,St. Francis (NY),30,10,20,.333,-13.35,-7.80,,7,11,,3,9,,7,9,,2017,2116,,1210,746,1823,.409,210,668,.314,315,443,.711,338,1058,357,200,78,371,497
298,St. John's (NY),32,17,15,.531,12.07,6.64,,8,11,,12,7,,4,7,,2547,2373,,1290,969,2137,.453,232,692,.335,377,557,.677,383,1211,600,283,175,381,572
299,St. Thomas (MN),30,10,20,.333,-10.68,-5.12,,4,14,,5,8,,3,12,,2241,2260,,1200,800,1815,.441,334,935,.357,307,405,.758,186,887,377,155,38,243,511
300,Stanford,32,16,16,.500,6.83,9.15,,8,12,,10,5,,3,9,,2124,2198,,1285,770,1780,.433,233,688,.339,351,533,.659,368,1181,419,178,83,479,556
301,Stephen F. Austin,31,22,9,.710,3.38,-1.25,,14,4,,13,3,,7,4,,2317,2110,,1245,850,1790,.475,185,554,.334,432,637,.678,360,1100,470,280,129,510,612
302,Stetson,30,11,19,.367,-10.20,-3.93,,5,11,,7,8,,4,11,,2090,2144,,1220,765,1779,.430,255,729,.350,305,442,.690,316,1068,430,211,88,389,445
303,Stony Brook,31,18,13,.581,-6.63,-5.43,,10,8,,13,4,,5,9,,2261,2267,,1245,815,1860,.438,254,749,.339,377,501,.752,299,1078,346,208,90,328,443
304,Syracuse,33,16,17,.485,9.89,7.59,,9,11,,11,5,,3,8,,2553,2477,,1345,915,2029,.451,300,795,.377,423,574,.737,350,1198,481,231,124,354,470
305,Tarleton State,31,14,17,.452,-2.82,-0.15,,9,9,,10,5,,4,12,,2002,2025,,1245,705,1683,.419,156,511,.305,436,578,.754,292,946,349,237,68,378,562
306,Temple,29,17,12,.586,4.77,4.46,,10,7,,11,3,,5,6,,1936,1927,,1170,649,1644,.395,195,628,.311,443,652,.679,356,1124,342,196,135,364,533
307,Tennessee-Martin,30,8,22,.267,-10.85,-2.75,,4,14,,5,8,,2,13,,2067,2206,,1200,762,1837,.415,205,685,.299,338,483,.700,350,1106,353,198,131,400,543
308,Tennessee State,32,14,18,.438,-9.02,-6.99,,8,10,,8,5,,5,11,,2282,2246,,1285,825,1852,.445,211,603,.350,421,589,.715,332,1120,393,216,107,444,610
309,Tennessee Tech,32,11,21,.344,-7.06,-2.82,,7,10,,7,7,,3,12,,2328,2357,,1290,897,1998,.449,224,655,.342,310,469,.661,371,1187,512,232,119,424,464
310,Tennessee NCAA,33,26,7,.788,20.84,10.42,,14,4,,16,0,,6,5,,2415,2071,,1330,854,1985,.430,289,806,.359,418,587,.712,393,1225,532,306,145,410,560
311,Texas A&M-Corpus Christi NCAA,35,23,12,.657,-6.57,-8.89,,7,7,,9,4,,7,6,,2682,2454,,1405,943,2130,.443,224,666,.336,572,776,.737,447,1341,528,298,62,492,711
312,Texas A&M,36,24,12,.667,12.13,7.27,,9,9,,14,4,,5,5,,2622,2402,,1460,927,2097,.442,244,734,.332,524,743,.705,436,1269,498,365,127,481,637
313,UT Arlington,29,11,18,.379,-5.20,-0.65,,7,10,,8,4,,3,13,,1948,1993,,1200,711,1696,.419,184,587,.313,342,488,.701,335,1067,405,227,123,406,520
314,TCU NCAA,32,20,12,.625,12.89,9.80,,8,10,,12,4,,4,6,,2179,2080,,1285,809,1836,.441,178,586,.304,383,573,.668,414,1239,436,201,135,465,490
315,UTEP,32,19,13,.594,0.20,-0.17,,11,7,,11,5,,7,6,,2203,2129,,1290,784,1825,.430,243,690,.352,392,516,.760,258,1019,382,241,114,378,591
316,Texas-Rio Grande Valley,31,8,23,.258,-9.78,-0.88,,3,15,,4,9,,3,12,,2212,2438,,1240,759,1722,.441,196,644,.304,498,717,.695,271,1070,379,162,99,477,620
317,UTSA,32,10,22,.313,-10.29,-1.33,,3,15,,8,10,,1,11,,2153,2313,,1285,795,2010,.396,200,680,.294,363,532,.682,406,1226,366,183,81,406,525
318,Texas Southern NCAA,31,19,12,.613,-2.98,-6.88,,13,5,,7,2,,8,10,,2153,2032,,1245,784,1796,.437,177,559,.317,408,604,.675,371,1229,331,172,159,462,551
319,Texas State,29,21,8,.724,0.37,-2.63,,12,3,,12,1,,7,6,,2043,1834,,1165,739,1598,.462,183,489,.374,382,508,.752,292,973,354,188,103,358,495
320,Texas Tech NCAA,34,25,9,.735,19.97,8.59,,12,6,,18,0,,3,7,,2438,2051,,1375,881,1876,.470,203,646,.314,473,677,.699,360,1240,461,278,118,471,550
321,Texas NCAA,32,21,11,.656,17.22,8.51,,10,8,,16,3,,4,7,,2187,1908,,1290,778,1761,.442,205,634,.323,426,569,.749,333,1074,417,247,109,377,557
322,Toledo,33,26,7,.788,7.05,-3.33,,17,3,,13,1,,9,5,,2662,2260,,1320,993,2053,.484,231,641,.360,445,590,.754,350,1323,507,182,90,341,502
323,Towson,33,25,8,.758,6.41,-2.77,,15,3,,12,2,,11,4,,2414,2111,,1325,847,1877,.451,257,715,.359,463,642,.721,387,1207,445,236,89,392,570
324,Troy,31,20,11,.645,-3.15,-3.54,,10,6,,10,3,,8,6,,2144,2018,,1250,747,1762,.424,232,710,.327,418,580,.721,351,1156,427,244,67,470,542
325,Tulane,29,14,15,.483,6.84,5.43,,10,8,,9,4,,3,8,,2121,2080,,1175,734,1661,.442,234,641,.365,419,554,.756,195,917,392,230,95,305,466
326,Tulsa,31,11,20,.355,1.79,4.31,,4,14,,8,8,,1,10,,2089,2167,,1240,745,1717,.434,212,619,.342,387,533,.726,278,1011,365,212,69,397,496
327,UCLA NCAA,32,25,7,.781,20.36,8.80,,15,5,,14,1,,8,4,,2444,2074,,1305,894,1986,.450,220,626,.351,436,592,.736,371,1186,447,225,106,293,520
328,Utah State,34,18,16,.529,10.86,4.98,,8,10,,9,7,,4,7,,2497,2273,,1380,917,1926,.476,265,775,.342,398,552,.721,286,1203,610,209,72,424,560
329,Utah Valley,32,20,12,.625,2.68,-1.29,,10,8,,11,2,,6,9,,2279,2084,,1305,798,1758,.454,204,551,.370,479,671,.714,349,1295,475,175,143,495,539
330,Utah,31,11,20,.355,5.90,7.06,,4,16,,7,9,,2,9,,2161,2197,,1250,753,1799,.419,237,708,.335,418,540,.774,326,1125,418,142,90,380,511
331,Valparaiso,32,14,18,.438,-1.29,1.15,,6,12,,8,8,,3,8,,2264,2257,,1320,836,1820,.459,230,692,.332,362,477,.759,174,1034,400,204,95,354,431
332,Vanderbilt,34,18,16,.529,11.36,8.25,,7,11,,10,8,,5,7,,2405,2299,,1365,800,1880,.426,292,863,.338,513,737,.696,326,1164,395,250,115,453,612
333,Vermont NCAA,33,28,5,.848,7.75,-6.32,,17,1,,16,0,,10,4,,2473,1990,,1325,910,1844,.493,289,793,.364,364,487,.747,242,1159,502,172,83,320,454
334,Villanova NCAA,33,26,7,.788,19.47,9.92,,16,4,,12,1,,8,5,,2397,2082,,1325,812,1858,.437,307,855,.359,466,566,.823,337,1153,398,206,74,330,503
335,Virginia Commonwealth,31,22,9,.710,9.99,4.99,,14,4,,12,4,,9,2,,2072,1917,,1245,774,1671,.463,172,496,.347,352,506,.696,259,1008,435,285,158,464,573
336,VMI,31,16,15,.516,-1.87,-1.98,,9,9,,9,4,,6,9,,2451,2282,,1255,854,1852,.461,389,1016,.383,354,451,.785,255,1126,501,148,86,352,460
337,Virginia Tech NCAA,35,23,12,.657,14.17,5.71,,11,9,,11,4,,7,6,,2476,2180,,1405,910,1934,.471,315,802,.393,341,459,.743,301,1127,504,188,112,378,516
338,Virginia,32,19,13,.594,8.29,5.92,,12,8,,10,6,,6,6,,2002,1926,,1280,748,1667,.449,160,497,.322,346,468,.739,279,1007,448,187,145,315,441
339,Wagner,27,21,6,.778,-0.92,-8.81,,13,3,,12,1,,9,5,,2010,1747,,1100,747,1613,.463,138,484,.285,378,521,.726,318,1006,393,226,76,338,535
340,Wake Forest,32,23,9,.719,13.27,4.02,,13,7,,16,2,,5,5,,2543,2247,,1300,914,1873,.488,276,787,.351,439,599,.733,282,1176,484,204,124,434,506
341,Washington State,34,20,14,.588,12.75,6.02,,11,9,,13,7,,6,5,,2436,2207,,1365,837,2053,.408,309,909,.340,453,607,.746,418,1251,382,216,157,384,597
342,Washington,32,17,15,.531,5.58,7.27,,11,9,,11,6,,3,7,,2260,2314,,1295,796,1929,.413,198,634,.312,470,670,.701,352,1069,326,265,132,381,532
343,Weber State,33,21,12,.636,-1.44,-4.92,,13,7,,9,6,,8,5,,2513,2319,,1325,878,1847,.475,236,696,.339,521,696,.749,217,1058,351,253,83,384,507
344,West Virginia,33,16,17,.485,10.28,10.80,,4,14,,12,5,,1,10,,2259,2276,,1320,779,1885,.413,208,635,.328,493,681,.724,355,1065,346,257,150,410,575
345,Western Carolina,32,11,21,.344,-10.35,-1.77,,5,13,,8,5,,2,14,,2261,2472,,1295,787,1960,.402,320,1002,.319,367,545,.673,367,1201,412,156,76,397,544
346,Western Illinois,31,16,15,.516,-5.19,-5.23,,7,11,,9,6,,7,8,,2439,2390,,1260,870,1986,.438,273,813,.336,426,601,.709,353,1182,356,194,80,357,545
347,Western Kentucky,32,19,13,.594,3.45,0.38,,11,7,,13,4,,5,6,,2414,2214,,1280,881,1885,.467,246,695,.354,406,569,.714,271,1132,445,271,190,388,362
348,Western Michigan,31,8,23,.258,-13.13,-1.92,,4,16,,4,10,,2,13,,2027,2329,,1255,730,1736,.421,262,788,.332,305,436,.700,283,1026,319,165,72,425,522
349,Wichita State,28,15,13,.536,8.33,6.22,,6,9,,11,6,,3,5,,1917,1858,,1135,658,1634,.403,211,677,.312,390,518,.753,333,1038,336,211,128,360,446
350,William & Mary,32,5,27,.156,-14.10,-2.07,,4,14,,4,10,,1,14,,2044,2380,,1295,724,1799,.402,216,702,.308,380,539,.705,312,1129,367,211,95,519,537
351,Winthrop,32,23,9,.719,-1.55,-3.62,,14,2,,13,0,,7,7,,2407,2246,,1295,842,1733,.486,276,743,.371,447,639,.700,264,1097,428,207,83,467,572
352,Wisconsin NCAA,31,24,7,.774,13.85,9.69,,15,5,,12,4,,9,2,,2192,2063,,1240,775,1822,.425,205,657,.312,437,589,.742,288,1083,343,164,87,265,526
353,Wofford,32,19,13,.594,2.14,-1.43,,10,8,,11,4,,7,8,,2322,2120,,1285,818,1758,.465,303,852,.356,383,505,.758,271,997,425,221,47,372,486
354,Wright State NCAA,34,21,13,.618,-2.12,-5.66,,15,7,,12,3,,7,7,,2566,2416,,1360,934,2010,.465,215,654,.329,483,629,.768,357,1186,474,196,100,418,489
355,Wyoming NCAA,34,25,9,.735,9.87,4.12,,13,5,,14,1,,8,5,,2466,2227,,1380,853,1865,.457,275,804,.342,485,669,.725,280,1212,381,133,67,385,516
356,Xavier,32,19,13,.594,12.98,8.29,,8,11,,14,5,,4,6,,2364,2214,,1300,837,1884,.444,218,676,.322,472,672,.702,335,1192,467,242,143,371,496
357,Yale NCAA,30,19,11,.633,0.07,-1.97,,11,3,,10,3,,6,6,,2170,2065,,1205,772,1737,.444,208,630,.330,418,566,.739,267,1079,357,187,95,386,522
358,Youngstown State,32,18,14,.563,-6.16,-7.19,,12,9,,12,7,,6,7,,2329,2229,,1285,833,1852,.450,245,706,.347,418,556,.752,330,1113,382,171,82,370,553
