,,Overall,Overall,Overall,Overall,Overall,Overall,,Conf.,Conf.,,Home,Home,,Away,Away,,Points,Points,,School Advanced,School Advanced,School Advanced,School Advanced,School Advanced,School Advanced,School Advanced,School Advanced,School Advanced,School Advanced,School Advanced,School Advanced,School Advanced
Rk,School,G,W,L,W-L%,SRS,SOS,,W,L,,W,L,,W,L,,Tm.,Opp.,,Pace,ORtg,FTr,3PAr,TS%,TRB%,AST%,STL%,BLK%,eFG%,TOV%,ORB%,FT/FGA
1,Abilene Christian,33,23,10,.697,2.66,-2.10,,11,7,,14,3,,6,6,,2519,2191,,71.8,104.7,.374,.357,.537,48.0,56.6,15.1,6.3,.492,14.9,29.2,.281
2,Air Force,29,11,18,.379,-5.24,1.76,,4,13,,7,6,,2,10,,1712,1915,,63.4,93.1,.268,.435,.528,44.6,57.7,8.6,9.1,.509,19.6,19.6,.174
3,Akron NCAA,33,24,9,.727,0.81,-4.32,,14,6,,12,3,,8,4,,2349,2073,,64.3,110.3,.397,.419,.566,53.1,48.6,9.1,9.3,.536,15.4,30.7,.273
4,Alabama A&M,30,12,18,.400,-14.19,-8.62,,10,8,,7,3,,4,14,,1843,2010,,68.3,88.5,.335,.249,.459,48.8,43.4,10.1,8.8,.413,16.9,28.7,.239
5,UAB NCAA,34,27,7,.794,11.10,-0.71,,14,4,,16,2,,7,4,,2743,2254,,70.6,113.1,.285,.332,.560,53.2,43.7,13.5,11.9,.531,13.7,33.9,.211
6,Alabama State,31,10,21,.323,-11.81,-5.21,,8,10,,7,6,,3,15,,2160,2332,,71.4,96.7,.378,.330,.520,48.3,49.7,10.5,9.6,.481,18.7,29.7,.264
7,Alabama NCAA,32,19,13,.594,15.51,11.94,,9,9,,13,3,,3,7,,2559,2445,,73.3,108.7,.336,.480,.550,52.5,52.9,9.5,11.9,.515,16.7,35.6,.245
8,Albany (NY),31,13,18,.419,-9.73,-5.69,,9,9,,4,8,,8,9,,1917,2042,,65.8,93.6,.250,.323,.492,48.4,40.9,10.2,7.5,.462,16.4,26.1,.176
9,Alcorn State,34,17,17,.500,-8.44,-3.88,,14,4,,6,3,,9,13,,2262,2417,,69.0,95.8,.324,.291,.494,51.1,43.1,10.7,7.6,.458,17.3,31.9,.224
10,American,32,10,22,.313,-15.30,-7.83,,5,13,,6,5,,4,16,,2031,2270,,66.8,94.2,.256,.280,.521,48.1,49.9,9.7,8.3,.496,18.0,21.6,.177
11,Appalachian State,34,19,15,.559,-1.47,-1.47,,12,6,,11,5,,6,7,,2281,2146,,65.5,102.0,.273,.430,.513,50.4,51.9,8.5,7.1,.490,13.6,27.3,.180
12,Arizona State,31,14,17,.452,8.19,10.03,,10,10,,9,6,,5,7,,2027,2084,,67.9,94.7,.212,.372,.492,47.2,53.4,9.7,12.4,.471,15.2,24.9,.140
13,Arizona NCAA,34,31,3,.912,24.00,6.97,,18,2,,17,0,,9,3,,2875,2296,,72.9,115.5,.351,.357,.590,55.2,65.4,9.2,13.4,.559,15.5,34.5,.259
14,Little Rock,28,9,19,.321,-11.81,-0.49,,3,11,,6,7,,1,10,,1868,2047,,68.0,96.3,.325,.379,.524,47.3,55.9,10.0,6.3,.485,17.8,24.6,.239
15,Arkansas-Pine Bluff,31,7,24,.226,-18.69,-4.31,,5,13,,5,7,,2,17,,2055,2426,,69.2,95.4,.345,.407,.510,43.9,50.1,10.3,6.4,.470,16.8,24.7,.247
16,Arkansas State,29,18,11,.621,-3.07,-3.30,,8,7,,11,3,,6,7,,2055,1974,,69.5,101.5,.332,.306,.537,51.5,60.7,11.3,8.5,.498,17.4,29.8,.247
17,Arkansas NCAA,33,25,8,.758,16.50,8.11,,13,5,,17,1,,5,4,,2539,2262,,72.1,106.0,.379,.343,.538,52.5,52.9,10.6,11.9,.492,15.0,30.8,.286
18,Army,31,15,16,.484,-10.48,-7.48,,9,9,,10,4,,4,12,,2183,2182,,69.9,99.9,.316,.355,.516,51.3,48.4,11.1,5.3,.494,16.2,30.0,.199
19,Auburn NCAA,32,27,5,.844,20.39,8.71,,15,3,,16,0,,8,3,,2519,2145,,71.4,108.5,.316,.399,.538,52.2,52.2,12.1,21.1,.503,14.2,33.1,.232
20,Austin Peay,29,12,17,.414,-9.76,-3.13,,8,10,,6,5,,6,11,,1875,2004,,66.1,96.5,.266,.443,.508,48.6,58.6,9.6,6.1,.478,18.0,29.5,.188
21,Ball State,31,14,17,.452,-7.62,-4.19,,9,10,,9,5,,4,9,,2304,2380,,71.6,103.4,.374,.412,.549,49.6,51.8,8.4,7.0,.516,17.1,27.1,.260
22,Baylor NCAA,32,26,6,.813,21.96,9.08,,14,4,,15,2,,8,3,,2448,2036,,68.5,111.2,.285,.377,.553,53.7,56.1,12.8,9.6,.529,15.3,36.3,.199
23,Bellarmine,33,20,13,.606,-3.47,-0.98,,11,5,,11,4,,8,8,,2314,2217,,63.8,109.5,.217,.409,.568,48.3,54.4,8.8,5.8,.545,13.3,23.7,.163
24,Belmont,33,25,8,.758,6.77,-2.29,,15,3,,13,1,,10,5,,2583,2264,,70.3,110.5,.266,.434,.585,49.9,62.2,12.8,11.0,.560,15.0,24.6,.197
25,Bethune-Cookman,30,9,21,.300,-14.48,-6.48,,7,11,,4,6,,4,13,,1901,2086,,67.4,93.3,.287,.252,.491,48.2,45.4,11.7,7.1,.459,17.1,28.4,.198
26,Binghamton,29,12,17,.414,-10.32,-6.10,,8,10,,5,8,,7,9,,1962,1983,,67.3,100.1,.230,.356,.523,50.5,44.8,8.4,10.0,.504,16.3,27.2,.152
27,Boise State NCAA,34,27,7,.794,12.61,5.37,,15,3,,13,3,,9,3,,2336,2066,,65.0,104.5,.350,.388,.540,53.9,47.1,9.0,9.9,.516,16.0,30.6,.227
28,Boston College,33,13,20,.394,3.67,4.85,,6,14,,9,7,,2,10,,2209,2248,,65.5,100.7,.296,.324,.511,50.9,50.2,10.8,8.6,.478,15.4,30.0,.208
29,Boston University,33,21,12,.636,-4.57,-7.82,,11,7,,11,4,,8,8,,2353,2225,,65.6,107.5,.291,.376,.556,53.5,43.0,8.7,6.8,.526,16.0,31.2,.213
30,Bowling Green State,31,13,18,.419,-8.48,-4.10,,6,14,,9,7,,3,10,,2488,2495,,74.4,107.1,.315,.371,.535,50.3,44.3,9.8,9.4,.498,14.1,30.7,.233
31,Bradley,31,17,14,.548,6.15,1.55,,11,7,,12,2,,3,8,,2185,2021,,68.1,103.2,.279,.397,.536,54.9,52.4,9.3,13.1,.511,17.1,32.1,.192
32,Brigham Young,32,22,10,.688,10.19,5.59,,9,6,,12,2,,6,5,,2358,2172,,69.0,106.0,.272,.370,.546,54.9,52.1,7.1,8.6,.518,15.9,31.0,.197
33,Brown,29,13,16,.448,-3.31,-1.90,,5,9,,6,7,,6,7,,2058,2015,,69.7,101.8,.308,.393,.529,50.7,47.9,9.6,11.1,.497,16.4,29.4,.218
34,Bryant NCAA,31,22,9,.710,-4.41,-7.47,,15,2,,14,1,,7,7,,2415,2255,,72.7,106.3,.322,.435,.539,52.0,51.5,8.6,10.1,.504,16.1,33.3,.236
35,Bucknell,32,9,23,.281,-14.59,-6.34,,5,13,,7,6,,2,15,,2277,2541,,68.3,101.8,.283,.376,.561,47.1,57.6,6.6,7.9,.528,17.5,21.4,.217
36,Buffalo,30,19,11,.633,2.20,-2.90,,13,6,,9,3,,9,6,,2398,2168,,72.5,110.3,.260,.381,.545,55.0,50.6,9.8,10.8,.520,15.3,37.2,.184
37,Butler,33,14,19,.424,4.67,9.38,,6,14,,9,7,,3,8,,2107,2209,,64.9,97.2,.304,.417,.512,49.1,48.5,7.9,7.0,.480,16.1,26.7,.211
38,Cal Poly,28,7,21,.250,-10.19,-2.90,,4,12,,4,7,,2,12,,1721,1885,,65.5,92.5,.368,.350,.505,51.3,49.7,7.1,7.0,.460,19.5,27.9,.268
39,Cal State Bakersfield,28,9,19,.321,-7.11,-1.55,,2,14,,6,7,,2,11,,1816,1857,,65.6,98.9,.303,.231,.492,52.8,40.9,9.4,8.4,.456,15.1,33.6,.214
40,Cal State Fullerton NCAA,31,21,10,.677,0.31,-2.59,,12,5,,11,2,,7,7,,2178,2051,,67.3,104.5,.359,.302,.542,51.3,45.6,10.8,5.8,.497,15.9,29.7,.274
41,Cal State Northridge,30,7,23,.233,-11.62,-1.01,,3,15,,4,11,,3,11,,1847,2137,,65.7,92.5,.293,.302,.481,46.0,40.6,10.8,7.5,.448,16.1,27.0,.200
42,California Baptist,33,18,15,.545,-3.23,-3.23,,7,11,,14,5,,3,9,,2344,2220,,69.5,101.7,.371,.431,.541,51.9,65.1,7.3,7.2,.512,17.6,28.5,.249
43,UC Davis,24,13,11,.542,-3.28,-3.87,,6,6,,7,5,,5,4,,1628,1593,,67.9,99.3,.291,.321,.524,49.3,45.3,8.8,7.8,.493,16.2,26.0,.205
44,UC Irvine,25,15,10,.600,2.00,-0.52,,10,5,,9,1,,6,7,,1656,1507,,66.1,100.3,.296,.282,.527,53.0,44.8,9.1,9.4,.488,17.7,30.7,.227
45,UC Riverside,28,16,12,.571,-0.51,-1.47,,10,7,,10,4,,6,7,,1865,1784,,66.1,99.5,.268,.407,.536,52.1,54.6,7.8,3.3,.507,16.5,24.1,.193
46,UC San Diego,29,13,16,.448,-6.62,-3.36,,7,11,,9,4,,4,11,,2036,2046,,68.5,102.0,.321,.456,.562,46.4,56.7,8.4,4.6,.528,16.7,18.5,.240
47,UC Santa Barbara,28,17,11,.607,1.77,-4.00,,9,6,,11,3,,5,7,,2066,1841,,67.0,107.8,.374,.300,.574,53.2,58.0,9.1,7.7,.544,17.1,29.3,.265
48,California,32,12,20,.375,4.51,7.51,,5,15,,10,8,,2,9,,2018,2114,,64.9,96.4,.253,.316,.501,50.9,45.2,7.4,7.2,.469,15.1,25.3,.184
49,Campbell,29,16,13,.552,-4.83,-5.75,,8,8,,9,4,,5,8,,1919,1798,,63.9,102.7,.275,.369,.542,49.7,56.0,9.6,7.0,.519,14.6,22.2,.187
50,Canisius,32,11,21,.344,-7.83,-2.61,,7,13,,10,5,,1,15,,2192,2288,,69.6,97.6,.299,.397,.494,49.3,53.5,8.6,6.6,.461,14.6,28.5,.207
51,Central Arkansas,31,11,20,.355,-13.61,-1.47,,7,9,,8,4,,3,14,,2269,2515,,73.0,99.4,.227,.352,.523,48.6,51.5,9.2,8.0,.493,16.3,27.4,.172
52,Central Connecticut State,32,8,24,.250,-17.31,-6.97,,4,13,,4,7,,4,15,,1977,2308,,66.2,92.2,.291,.392,.495,46.6,49.3,9.3,6.3,.460,18.1,26.3,.206
53,Central Florida,30,18,12,.600,6.34,4.74,,9,9,,13,3,,4,8,,2095,2047,,68.1,102.2,.285,.431,.528,49.7,58.8,10.2,10.9,.499,16.5,30.8,.201
54,Central Michigan,30,7,23,.233,-12.10,-1.07,,6,12,,2,9,,5,11,,1978,2309,,68.8,95.4,.305,.401,.509,46.6,49.7,9.1,9.0,.478,17.3,25.3,.211
55,Charleston Southern,31,6,25,.194,-17.58,-4.23,,1,15,,4,9,,1,13,,2122,2356,,71.3,95.6,.304,.454,.507,50.0,49.8,9.1,8.1,.478,17.8,27.6,.206
56,Charlotte,31,17,14,.548,-1.51,-0.32,,10,8,,11,4,,6,6,,2171,2208,,66.7,105.1,.280,.398,.564,49.0,55.4,7.2,8.0,.529,15.6,22.6,.221
57,Chattanooga NCAA,34,27,7,.794,5.93,-1.38,,14,4,,12,3,,12,4,,2543,2199,,66.0,112.5,.267,.394,.566,53.8,47.4,10.8,6.6,.537,14.3,32.7,.201
58,Chicago State,32,7,25,.219,-13.91,-1.63,,3,15,,5,9,,2,15,,1987,2380,,66.7,93.0,.294,.438,.487,48.3,43.3,8.2,6.4,.459,18.8,32.2,.192
59,Cincinnati,33,18,15,.545,7.59,4.43,,7,11,,12,6,,4,7,,2291,2176,,68.6,101.2,.296,.424,.499,49.8,53.3,9.2,9.7,.470,13.1,29.9,.198
60,The Citadel,31,13,18,.419,-6.73,-1.91,,6,12,,7,8,,5,9,,2381,2382,,71.0,106.0,.295,.498,.554,49.5,59.7,6.5,9.1,.533,14.9,25.4,.198
61,Clemson,33,17,16,.515,9.32,6.05,,8,12,,11,5,,3,8,,2367,2259,,66.6,106.8,.298,.378,.555,51.4,55.2,8.8,7.2,.524,14.6,25.8,.219
62,Cleveland State,31,20,11,.645,-1.53,-5.39,,15,6,,15,3,,5,7,,2336,2168,,68.7,107.5,.362,.338,.559,51.9,60.1,12.3,10.4,.534,16.7,33.8,.243
63,Coastal Carolina,29,16,13,.552,-0.03,-2.39,,8,8,,11,6,,4,5,,2111,1893,,67.2,107.4,.319,.353,.543,54.1,51.0,9.8,11.3,.514,16.3,35.4,.221
64,Colgate NCAA,34,23,11,.676,0.83,-6.96,,16,2,,15,1,,8,10,,2586,2282,,67.8,111.7,.266,.423,.581,52.0,62.0,9.2,9.6,.562,14.7,26.4,.185
65,College of Charleston,32,17,15,.531,0.21,-1.54,,8,10,,9,6,,7,8,,2502,2446,,74.3,104.5,.304,.376,.536,54.7,47.2,10.6,7.2,.503,17.6,35.9,.222
66,Colorado State NCAA,30,25,5,.833,12.24,4.86,,14,4,,14,1,,6,3,,2212,1972,,65.9,111.0,.304,.389,.588,50.1,53.4,9.4,10.1,.555,13.8,22.0,.235
67,Colorado,33,21,12,.636,10.37,6.70,,12,8,,12,6,,6,4,,2345,2224,,68.4,103.2,.347,.336,.545,53.6,54.0,8.0,8.7,.504,17.2,30.0,.262
68,Columbia,26,4,22,.154,-17.46,-4.58,,1,13,,3,10,,1,12,,1752,2049,,71.0,94.5,.263,.363,.509,49.0,48.1,8.3,5.7,.490,18.7,27.3,.165
69,Connecticut NCAA,32,23,9,.719,17.23,7.20,,13,6,,14,2,,5,5,,2406,2085,,67.1,109.9,.306,.342,.533,55.3,52.2,8.7,16.7,.496,14.4,37.9,.229
70,Coppin State,32,9,23,.281,-12.57,-4.82,,6,8,,3,6,,4,16,,2142,2390,,74.4,90.0,.346,.499,.497,44.0,49.4,10.8,8.1,.460,17.6,20.1,.237
71,Cornell,26,15,11,.577,-3.37,-3.41,,7,7,,10,2,,5,8,,2059,1941,,73.5,107.2,.303,.458,.571,51.3,61.2,10.7,8.3,.546,17.0,28.0,.215
72,Creighton NCAA,33,22,11,.667,11.42,8.33,,12,7,,11,4,,6,5,,2278,2176,,68.1,100.7,.260,.382,.537,51.9,51.1,7.8,10.5,.509,18.0,28.6,.189
73,Dartmouth,25,9,16,.360,-4.00,-2.50,,6,8,,5,5,,4,11,,1709,1705,,66.8,100.8,.241,.449,.526,48.2,42.9,9.8,9.6,.493,15.0,23.9,.186
74,Davidson NCAA,33,27,6,.818,10.53,1.72,,15,3,,13,1,,9,3,,2494,2170,,66.1,113.8,.320,.412,.592,52.4,55.0,7.0,8.2,.561,13.4,23.8,.242
75,Dayton,33,23,10,.697,10.16,2.19,,14,4,,13,4,,6,5,,2281,2018,,64.4,107.3,.313,.341,.563,54.7,56.3,8.8,11.2,.540,16.9,30.6,.214
76,Delaware State,28,2,26,.071,-22.45,-7.21,,0,14,,2,11,,0,13,,1757,2058,,71.0,88.0,.306,.332,.490,47.6,42.8,10.2,12.3,.458,21.4,27.4,.205
77,Delaware NCAA,34,22,12,.647,0.11,-2.71,,10,8,,9,5,,8,5,,2508,2376,,68.2,107.4,.339,.387,.571,49.4,48.6,9.6,9.9,.538,16.4,27.0,.252
78,Denver,32,11,21,.344,-9.64,-5.47,,7,11,,6,7,,4,12,,2257,2380,,68.5,101.7,.318,.356,.553,48.4,48.3,7.5,9.5,.526,16.9,23.2,.222
79,DePaul,31,15,16,.484,8.15,7.05,,6,14,,11,7,,4,8,,2272,2238,,70.4,103.7,.334,.342,.521,51.6,43.4,8.8,12.5,.488,14.8,31.7,.232
80,Detroit Mercy,29,14,15,.483,-5.60,-4.81,,10,7,,9,1,,5,14,,2043,2020,,65.6,107.4,.231,.492,.558,49.0,48.8,9.0,6.0,.529,15.6,28.0,.181
81,Dixie State,31,13,18,.419,-8.23,-0.23,,6,12,,10,6,,3,11,,2247,2296,,73.9,97.7,.346,.374,.517,50.4,60.3,9.0,6.3,.485,17.7,28.3,.235
82,Drake,34,24,10,.706,7.71,1.68,,13,5,,14,3,,8,2,,2498,2250,,66.4,108.3,.290,.347,.547,52.1,43.2,10.4,9.7,.513,13.8,29.8,.219
83,Drexel,29,15,14,.517,-0.49,-2.10,,10,8,,8,4,,6,7,,2112,2038,,68.0,106.1,.253,.354,.549,50.2,45.5,6.9,7.5,.525,14.1,25.3,.180
84,Duke NCAA,34,28,6,.824,19.15,6.12,,16,4,,15,3,,9,2,,2726,2283,,68.3,116.9,.286,.366,.581,53.0,57.0,9.4,13.3,.556,12.9,31.8,.208
85,Duquesne,30,6,24,.200,-6.21,1.99,,1,16,,3,11,,1,10,,1956,2202,,66.9,95.9,.219,.333,.481,47.4,40.4,9.8,10.8,.454,14.5,29.3,.155
86,East Carolina,30,15,15,.500,0.61,2.77,,6,11,,12,4,,2,7,,2063,2128,,68.9,99.0,.335,.392,.516,49.3,63.1,9.7,9.0,.471,16.3,27.5,.253
87,East Tennessee State,32,15,17,.469,-2.60,-0.20,,7,11,,8,6,,4,10,,2306,2336,,66.6,107.9,.229,.417,.541,50.0,49.2,10.1,8.7,.517,14.5,31.3,.166
88,Eastern Illinois,31,5,26,.161,-20.71,-3.61,,3,15,,4,9,,1,16,,1746,2205,,66.6,84.6,.315,.362,.485,44.4,58.9,9.5,9.2,.457,21.6,21.7,.201
89,Eastern Kentucky,31,13,18,.419,-6.55,-5.18,,5,11,,12,5,,1,13,,2457,2327,,73.0,106.5,.213,.484,.525,47.5,54.7,13.7,10.1,.503,13.3,29.7,.151
90,Eastern Michigan,31,10,21,.323,-10.46,-2.62,,5,15,,8,7,,2,14,,2143,2356,,70.7,95.5,.303,.350,.516,47.7,40.2,8.1,8.1,.485,17.1,23.0,.211
91,Eastern Washington,33,18,15,.545,-5.04,-5.27,,11,9,,9,3,,8,10,,2539,2453,,71.6,106.6,.336,.426,.563,51.9,59.5,7.6,7.9,.527,16.2,26.8,.253
92,Elon,32,10,22,.313,-6.43,1.10,,7,11,,7,7,,3,11,,2147,2311,,67.3,99.8,.258,.443,.531,48.5,52.3,7.2,7.2,.501,17.1,25.8,.190
93,Evansville,30,6,24,.200,-10.64,1.70,,2,16,,4,9,,2,11,,1775,2122,,64.2,90.3,.243,.470,.503,43.8,50.2,9.1,5.8,.475,16.0,14.3,.172
94,Fairfield,33,15,18,.455,-4.31,-4.53,,8,12,,6,9,,8,8,,2239,2177,,65.5,102.5,.261,.391,.527,50.2,48.0,8.2,7.8,.500,14.6,27.8,.184
95,Fairleigh Dickinson,26,4,22,.154,-18.01,-6.08,,4,11,,3,6,,1,16,,1748,2058,,70.4,94.6,.278,.354,.497,46.1,48.6,9.1,7.6,.464,16.9,27.7,.197
96,Florida A&M,30,13,17,.433,-11.93,-6.50,,11,7,,8,4,,5,12,,1950,2064,,67.2,95.9,.289,.265,.501,46.7,49.2,9.2,8.5,.468,16.2,26.2,.204
97,Florida Atlantic,33,19,14,.576,3.03,-1.67,,11,7,,14,5,,4,8,,2448,2241,,68.6,107.7,.292,.431,.556,53.2,50.9,10.7,7.7,.529,16.3,31.6,.207
98,Florida Gulf Coast,32,21,11,.656,-2.86,-4.83,,10,6,,15,3,,6,8,,2478,2342,,70.1,108.0,.293,.473,.556,52.8,57.3,9.3,12.9,.534,16.2,31.5,.199
99,Florida International,32,15,17,.469,-6.32,-3.12,,5,13,,11,5,,1,11,,2264,2274,,69.0,100.6,.248,.465,.535,48.9,54.5,9.1,11.1,.511,17.4,27.0,.174
100,Florida State,31,17,14,.548,6.17,7.10,,10,10,,11,4,,4,8,,2201,2230,,68.6,102.7,.303,.341,.522,49.8,55.7,12.3,14.8,.490,15.5,31.6,.214
101,Florida,32,19,13,.594,12.76,8.08,,9,9,,12,5,,4,6,,2265,2115,,66.4,105.8,.347,.461,.538,49.2,53.1,12.1,14.0,.499,15.8,31.7,.255
102,Fordham,32,16,16,.500,-0.80,-0.11,,8,10,,10,4,,3,9,,2115,2137,,68.6,94.8,.297,.427,.496,49.9,51.4,10.5,9.9,.457,16.5,27.0,.216
103,Fresno State,32,19,13,.594,8.76,3.05,,8,9,,11,4,,5,8,,2069,1872,,61.8,102.6,.305,.383,.535,53.1,50.1,9.3,8.9,.501,15.8,27.9,.221
104,Furman,34,22,12,.647,6.23,-1.41,,12,6,,12,3,,8,8,,2640,2336,,66.1,115.0,.226,.517,.585,49.8,62.5,12.2,9.7,.562,13.7,27.7,.171
105,Gardner-Webb,31,18,13,.581,-2.30,-4.37,,11,5,,11,3,,6,9,,2154,1989,,69.7,99.7,.287,.396,.536,52.0,52.2,10.4,14.6,.509,17.2,25.3,.201
106,George Mason,30,14,16,.467,4.34,2.14,,7,9,,10,4,,4,8,,2122,2056,,66.6,104.0,.291,.465,.553,51.3,56.5,7.4,9.7,.529,16.1,25.0,.202
107,George Washington,30,12,18,.400,-3.89,0.58,,8,9,,8,5,,3,10,,2051,2185,,69.7,96.9,.260,.358,.516,46.2,48.5,9.8,10.5,.489,16.0,23.2,.181
108,Georgetown,31,6,25,.194,1.96,8.29,,0,19,,6,11,,0,11,,2192,2388,,71.0,99.5,.290,.360,.501,50.1,47.5,10.1,10.9,.462,15.9,32.3,.216
109,Georgia Southern,29,13,16,.448,-6.97,-2.97,,5,11,,7,5,,4,10,,1927,1903,,67.1,98.2,.303,.350,.527,50.0,48.6,11.0,10.1,.500,18.5,28.6,.206
110,Georgia State NCAA,28,18,10,.643,-1.23,-2.31,,9,5,,8,4,,6,5,,1977,1813,,68.3,102.0,.293,.377,.500,51.0,54.2,12.9,13.0,.465,14.4,34.3,.210
111,Georgia Tech,32,12,20,.375,1.91,5.75,,5,15,,8,10,,3,8,,2195,2264,,68.6,98.4,.247,.346,.527,49.0,53.2,11.2,7.2,.502,16.7,25.7,.172
112,Georgia,32,6,26,.188,-0.36,8.33,,1,17,,6,13,,0,10,,2234,2512,,69.8,100.0,.390,.370,.546,48.4,58.2,7.5,5.9,.502,18.4,25.6,.292
113,Gonzaga NCAA,29,26,3,.897,26.73,4.24,,13,1,,16,0,,5,1,,2547,1895,,73.8,119.0,.298,.355,.616,56.0,55.3,9.0,13.8,.594,14.2,29.0,.218
114,Grambling,32,12,20,.375,-12.11,-4.84,,8,9,,6,4,,4,14,,2092,2273,,70.5,92.8,.330,.281,.491,48.2,46.7,9.4,9.1,.451,17.6,27.9,.234
115,Grand Canyon,31,23,8,.742,6.10,-2.28,,12,5,,15,2,,6,5,,2204,1898,,67.7,105.0,.310,.395,.527,54.1,50.5,9.8,5.9,.500,16.2,34.7,.210
116,Green Bay,30,5,25,.167,-13.57,-5.12,,4,16,,4,9,,1,13,,1852,2068,,64.9,95.1,.316,.347,.505,48.4,48.2,7.7,7.9,.468,17.4,27.3,.226
117,Hampton,28,9,19,.321,-13.46,-5.92,,5,11,,7,4,,2,11,,1814,1946,,69.2,92.7,.361,.349,.493,46.6,46.5,7.4,10.3,.451,16.0,23.1,.253
118,Hartford,32,12,20,.375,-9.93,-7.59,,9,9,,7,5,,5,13,,2234,2309,,67.1,103.7,.276,.452,.555,48.3,48.8,9.0,8.8,.533,16.2,23.8,.191
119,Harvard,26,13,13,.500,-4.65,-4.17,,5,9,,9,6,,4,7,,1858,1797,,69.7,101.1,.263,.428,.528,49.8,43.6,10.8,7.3,.503,15.4,25.4,.182
120,Hawaii,28,17,11,.607,-0.10,-2.63,,12,5,,10,4,,5,5,,1928,1796,,66.2,104.0,.325,.420,.552,53.4,51.6,5.3,5.5,.516,17.3,29.1,.242
121,High Point,32,14,18,.438,-6.50,-3.36,,7,9,,10,6,,3,10,,2225,2232,,67.7,100.0,.343,.340,.523,49.6,49.5,9.3,12.7,.499,16.7,28.3,.219
122,Hofstra,32,21,11,.656,1.60,-0.80,,13,5,,12,2,,8,8,,2494,2333,,70.5,109.7,.209,.447,.566,48.2,53.3,11.2,8.0,.539,13.0,23.7,.166
123,Holy Cross,31,9,22,.290,-16.81,-7.84,,7,11,,5,9,,4,11,,2022,2192,,67.9,96.1,.281,.294,.497,48.9,42.5,8.7,9.9,.464,16.0,27.6,.199
124,Houston Baptist,29,11,18,.379,-14.22,-6.46,,6,8,,7,6,,3,8,,2190,2220,,72.2,102.9,.383,.363,.542,52.5,51.2,10.8,6.9,.504,17.8,31.9,.272
125,Houston NCAA,34,29,5,.853,22.30,5.36,,15,3,,16,1,,7,3,,2578,2002,,65.4,114.7,.287,.391,.556,55.3,59.5,12.5,17.3,.536,14.2,37.8,.192
126,Howard,29,16,13,.552,-6.55,-8.32,,9,5,,9,4,,5,8,,2215,2019,,73.4,103.6,.351,.395,.549,48.3,55.1,11.4,9.2,.510,17.5,28.9,.262
127,Idaho State,30,7,23,.233,-14.65,-4.97,,5,15,,5,8,,2,14,,1931,2146,,65.9,97.2,.339,.425,.517,49.9,46.5,6.8,6.3,.484,18.2,28.8,.232
128,Idaho,31,9,22,.290,-12.86,-4.45,,6,14,,8,7,,1,12,,2263,2468,,71.3,101.5,.351,.378,.550,49.0,47.4,4.9,5.5,.512,17.0,23.6,.258
129,Illinois-Chicago,30,14,16,.467,-8.47,-6.05,,9,10,,6,6,,8,8,,2159,2188,,69.4,102.4,.228,.461,.537,48.5,55.3,8.2,9.4,.514,15.2,24.6,.161
130,Illinois State,33,13,20,.394,-0.46,1.05,,5,13,,11,6,,1,11,,2447,2466,,69.2,104.4,.314,.366,.553,50.3,46.7,9.6,12.5,.518,17.0,28.5,.234
131,Illinois NCAA,31,22,9,.710,17.77,9.64,,15,5,,13,3,,7,4,,2349,2097,,68.2,110.2,.317,.427,.559,54.3,57.7,7.5,7.1,.531,15.2,33.4,.224
132,Incarnate Word,32,7,25,.219,-16.75,-4.06,,3,11,,5,10,,1,11,,2145,2445,,68.4,97.9,.284,.448,.533,45.6,50.2,7.6,4.8,.494,17.7,23.6,.223
133,Indiana State,31,11,20,.355,-3.15,2.28,,4,14,,8,6,,2,11,,2184,2230,,69.4,99.5,.264,.460,.552,49.3,52.3,8.5,5.1,.518,17.1,18.6,.206
134,Indiana NCAA,34,21,13,.618,13.90,8.28,,9,11,,14,4,,3,8,,2425,2234,,67.9,103.9,.335,.315,.541,52.1,56.8,8.2,14.4,.510,15.2,27.3,.233
135,Iona,32,25,7,.781,5.12,-1.85,,17,3,,13,0,,7,4,,2408,2185,,70.2,106.4,.375,.362,.541,51.3,61.2,9.1,15.7,.507,15.3,31.6,.262
136,Iowa State NCAA,32,20,12,.625,12.43,8.96,,7,11,,14,5,,4,6,,2127,2016,,67.2,98.2,.281,.374,.525,49.2,60.1,12.4,9.5,.499,17.9,28.2,.193
137,Iowa NCAA,35,26,9,.743,19.82,7.33,,12,8,,15,3,,6,6,,2932,2495,,70.4,118.2,.304,.391,.568,50.9,53.8,10.4,11.4,.536,11.1,32.1,.227
138,Purdue-Fort Wayne,32,21,11,.656,-5.01,-6.87,,15,6,,14,2,,6,7,,2359,2211,,69.4,104.6,.267,.449,.570,48.1,54.2,12.5,7.5,.542,17.2,23.1,.201
139,IUPUI,29,3,26,.103,-23.31,-6.23,,1,16,,2,11,,1,13,,1521,1946,,63.4,82.7,.264,.348,.461,49.0,54.4,9.0,8.4,.430,22.6,31.1,.176
140,Jackson State,30,11,19,.367,-9.77,-5.27,,9,9,,6,3,,5,15,,1829,1964,,65.9,92.1,.265,.304,.477,51.0,46.8,9.2,10.2,.453,17.1,31.4,.168
141,Jacksonville State NCAA,31,21,10,.677,0.02,-4.36,,13,3,,11,4,,9,5,,2292,2071,,67.5,109.1,.309,.429,.576,53.5,54.8,9.1,9.0,.555,17.1,29.6,.210
142,Jacksonville,31,21,10,.677,-1.95,-5.10,,11,5,,15,0,,6,10,,2081,1839,,63.1,106.0,.297,.316,.535,55.7,50.4,10.3,6.8,.505,15.3,33.6,.210
143,James Madison,29,15,14,.517,-4.33,-1.30,,6,12,,9,6,,5,6,,2178,2123,,70.5,105.1,.293,.359,.550,48.2,48.3,11.9,6.5,.525,15.4,26.9,.204
144,Kansas State,31,14,17,.452,10.75,9.21,,6,12,,9,7,,5,7,,2139,2091,,67.4,101.5,.296,.424,.527,48.1,51.6,10.8,4.9,.494,14.9,25.3,.215
145,Kansas NCAA,34,28,6,.824,21.85,11.41,,14,4,,16,1,,6,4,,2672,2317,,69.5,111.8,.328,.338,.571,53.3,53.9,9.1,10.5,.541,15.4,33.4,.238
146,Kennesaw State,31,13,18,.419,-4.33,-2.44,,7,9,,10,6,,3,12,,2319,2206,,68.3,107.7,.297,.385,.553,51.7,52.5,10.3,8.3,.533,15.5,30.9,.197
147,Kent State,33,23,10,.697,0.36,-2.81,,16,4,,11,4,,8,4,,2344,2134,,67.4,105.3,.320,.400,.544,53.2,49.7,10.6,11.4,.507,15.9,31.4,.239
148,Kentucky NCAA,33,26,7,.788,21.86,8.40,,14,4,,18,0,,6,5,,2622,2178,,69.3,114.2,.272,.280,.560,57.1,52.9,9.8,11.0,.534,14.0,37.9,.198
149,La Salle,30,11,19,.367,-3.34,0.70,,5,13,,8,7,,2,10,,2025,2146,,68.4,97.4,.251,.399,.504,50.0,54.0,8.5,11.5,.477,16.4,28.9,.173
150,Lafayette,30,10,20,.333,-12.55,-6.62,,7,11,,6,9,,4,11,,2034,2185,,66.0,100.6,.215,.458,.527,46.2,64.1,9.3,9.0,.508,14.6,22.9,.147
151,Lamar,29,2,27,.069,-15.54,-2.28,,0,16,,2,9,,0,18,,1778,2116,,67.5,90.8,.262,.307,.478,49.1,48.3,8.6,9.1,.447,18.5,30.2,.180
152,Lehigh,32,13,19,.406,-10.74,-7.48,,10,8,,9,7,,4,12,,2190,2284,,68.8,99.1,.256,.382,.548,48.8,56.9,6.4,8.1,.520,17.6,21.1,.190
153,Liberty,33,22,11,.667,2.09,-3.78,,12,4,,13,3,,6,3,,2421,2094,,66.0,110.3,.278,.495,.594,52.2,57.1,8.1,5.9,.567,15.8,23.0,.210
154,Lipscomb,33,14,19,.424,-8.30,-3.16,,6,10,,9,6,,3,13,,2442,2536,,71.2,104.0,.351,.417,.563,49.8,59.1,6.2,7.0,.529,16.4,23.1,.255
155,Long Beach State,32,20,12,.625,0.13,0.47,,14,3,,11,3,,6,6,,2365,2316,,71.6,102.1,.376,.317,.537,50.8,49.5,9.7,8.8,.496,16.3,28.1,.273
156,Long Island University,30,16,14,.533,-7.50,-6.91,,12,6,,12,1,,4,13,,2245,2204,,73.3,101.2,.297,.400,.519,50.6,62.6,10.4,13.4,.491,15.9,30.4,.202
157,Longwood NCAA,32,26,6,.813,0.13,-6.98,,15,1,,16,1,,7,5,,2443,2082,,67.8,111.7,.349,.367,.557,55.1,52.6,11.3,7.8,.523,14.9,34.6,.253
158,Louisiana,31,16,15,.516,-2.50,-2.71,,8,9,,7,6,,6,8,,2203,2151,,70.5,100.0,.352,.368,.527,53.4,50.1,9.6,11.1,.491,18.5,33.3,.247
159,Louisiana-Monroe,31,13,18,.419,-8.44,-2.33,,5,13,,8,7,,5,10,,2246,2304,,69.7,102.7,.261,.351,.541,46.7,55.5,10.2,7.9,.514,16.0,25.8,.189
160,Louisiana State NCAA,33,22,11,.667,18.05,8.48,,9,9,,15,2,,3,8,,2413,2097,,70.6,102.8,.330,.346,.532,51.4,48.7,15.6,14.8,.495,17.5,33.8,.241
161,Louisiana Tech,34,24,10,.706,5.42,0.29,,12,6,,13,3,,8,5,,2558,2312,,70.0,107.4,.314,.413,.556,50.3,51.0,9.3,6.0,.525,14.6,26.5,.227
162,Louisville,32,13,19,.406,3.92,6.71,,6,14,,8,8,,2,10,,2154,2243,,67.5,98.9,.251,.422,.511,50.8,48.1,9.0,6.8,.488,15.7,27.3,.169
163,Loyola (IL) NCAA,32,25,7,.781,14.17,2.94,,13,5,,12,2,,8,3,,2362,1975,,65.8,110.5,.317,.428,.590,52.4,57.1,10.3,7.3,.565,16.3,25.1,.228
164,Loyola Marymount,29,11,18,.379,-1.63,3.55,,3,12,,6,7,,3,9,,2010,2148,,67.5,101.8,.320,.385,.552,47.9,45.0,8.0,4.9,.521,17.5,24.7,.230
165,Loyola (MD),30,14,16,.467,-8.40,-7.95,,8,10,,10,3,,3,12,,1984,1970,,66.7,98.3,.245,.384,.526,49.0,60.0,11.6,8.0,.504,17.2,24.7,.168
166,Maine,29,6,23,.207,-18.30,-5.26,,3,15,,5,9,,1,14,,1811,2063,,66.6,93.8,.209,.385,.498,46.9,56.4,10.8,7.9,.473,16.8,25.0,.148
167,Manhattan,30,15,15,.500,-7.99,-4.19,,8,12,,8,5,,4,9,,2126,2179,,69.5,100.8,.407,.332,.537,49.7,47.4,10.2,8.8,.491,18.0,30.2,.300
168,Marist,30,14,16,.467,-4.58,-5.18,,9,11,,7,6,,7,9,,2063,2045,,66.9,101.5,.250,.377,.531,50.0,35.3,8.6,9.8,.504,16.0,26.4,.180
169,Marquette NCAA,31,19,12,.613,12.54,9.02,,11,8,,13,3,,4,7,,2306,2197,,71.4,103.3,.268,.417,.555,47.1,59.4,10.9,12.7,.526,15.7,22.4,.200
170,Marshall,33,12,21,.364,-4.41,0.31,,4,14,,8,9,,3,11,,2442,2523,,73.3,100.9,.238,.394,.521,49.3,51.3,9.2,11.9,.495,15.6,27.8,.168
171,Maryland-Baltimore County,32,18,14,.563,-6.00,-6.45,,11,7,,11,4,,6,10,,2359,2307,,68.8,106.7,.306,.425,.562,47.5,48.7,6.9,5.3,.524,14.3,21.9,.240
172,Maryland-Eastern Shore,26,11,15,.423,-12.41,-7.23,,6,8,,6,4,,5,10,,1736,1726,,70.0,94.5,.312,.420,.503,49.5,53.0,14.4,6.9,.477,18.8,29.9,.202
173,Maryland,32,15,17,.469,9.75,9.53,,7,13,,10,8,,3,7,,2270,2263,,67.4,104.4,.339,.372,.536,50.1,47.1,9.4,8.7,.494,14.7,27.3,.257
174,Massachusetts-Lowell,31,15,16,.484,-7.00,-6.57,,7,11,,8,6,,6,9,,2191,2040,,68.9,101.8,.264,.320,.521,50.8,43.6,10.5,11.0,.494,15.5,29.5,.185
175,Massachusetts,32,15,17,.469,-0.52,1.85,,7,11,,10,5,,3,8,,2422,2498,,69.2,108.1,.328,.431,.551,49.0,53.1,9.2,6.8,.513,14.4,29.3,.248
176,McNeese State,33,11,22,.333,-11.50,-4.77,,4,10,,6,5,,2,13,,2579,2555,,74.2,103.0,.366,.329,.530,53.9,44.8,10.3,9.0,.502,18.1,36.1,.241
177,Memphis NCAA,31,21,10,.677,14.40,7.37,,13,5,,13,2,,5,6,,2338,2120,,71.4,105.6,.384,.308,.557,54.3,59.6,12.2,16.8,.526,19.5,37.5,.266
178,Mercer,33,16,17,.485,-3.30,-1.04,,8,10,,10,4,,4,11,,2325,2328,,66.3,105.5,.288,.422,.565,50.6,57.1,9.2,8.9,.531,16.5,25.3,.221
179,Merrimack,30,14,16,.467,-10.63,-6.59,,9,8,,7,7,,7,9,,1843,1931,,64.0,95.2,.262,.404,.512,42.9,51.4,14.0,11.4,.488,16.4,22.2,.177
180,Miami (FL) NCAA,33,23,10,.697,10.10,6.31,,14,6,,10,5,,10,2,,2469,2344,,67.5,110.5,.288,.359,.571,46.9,50.9,12.9,8.5,.542,12.8,23.4,.214
181,Miami (OH),32,14,18,.438,-5.99,-3.79,,8,12,,9,8,,5,9,,2408,2351,,68.9,108.3,.241,.426,.546,48.7,50.6,8.0,9.1,.513,13.1,27.2,.190
182,Michigan State NCAA,34,22,12,.647,13.77,10.12,,11,9,,12,3,,5,6,,2451,2327,,68.1,105.9,.304,.334,.553,53.2,60.7,8.6,13.7,.520,16.7,30.7,.227
183,Michigan NCAA,31,17,14,.548,14.08,10.92,,11,9,,10,5,,5,7,,2264,2166,,67.5,108.2,.289,.323,.555,54.2,52.4,7.1,8.1,.523,14.9,31.2,.216
184,Middle Tennessee,33,23,10,.697,3.96,-0.95,,13,5,,15,0,,5,9,,2456,2217,,68.8,106.6,.320,.431,.554,51.0,47.9,11.5,11.9,.517,16.4,30.6,.243
185,Milwaukee,32,10,22,.313,-12.87,-6.00,,8,14,,6,10,,4,10,,2073,2264,,68.0,95.3,.270,.348,.509,49.3,48.0,7.2,10.4,.477,17.2,25.9,.194
186,Minnesota,30,13,17,.433,6.41,8.61,,4,16,,8,7,,3,9,,2010,2076,,65.5,101.5,.236,.374,.532,45.0,50.9,8.1,7.3,.507,12.7,17.5,.170
187,Mississippi State,33,18,15,.545,12.36,7.91,,8,10,,14,3,,1,9,,2339,2192,,66.8,104.9,.384,.281,.536,54.4,52.9,11.9,10.6,.495,16.6,34.4,.278
188,Mississippi Valley State,28,2,26,.071,-21.90,-6.15,,2,16,,0,11,,2,15,,1882,2323,,72.5,90.7,.314,.380,.477,42.3,48.0,9.9,5.8,.445,16.0,23.3,.206
189,Mississippi,32,13,19,.406,7.04,7.57,,4,14,,10,8,,2,7,,2180,2197,,67.0,100.5,.287,.373,.526,49.4,53.2,10.5,7.8,.496,15.9,26.7,.204
190,Kansas City,31,19,12,.613,-4.97,-4.71,,12,6,,11,3,,8,7,,2311,2085,,70.2,106.2,.311,.344,.563,48.5,48.0,10.6,8.3,.541,13.7,20.4,.210
191,Missouri State,34,23,11,.676,8.64,1.40,,13,5,,12,4,,8,5,,2628,2342,,68.1,112.6,.277,.382,.587,52.2,43.3,7.8,9.2,.553,13.9,25.1,.221
192,Missouri,33,12,21,.364,3.31,9.47,,5,13,,8,8,,2,10,,2160,2325,,67.4,96.8,.300,.328,.510,51.2,50.5,9.6,11.2,.472,18.3,32.0,.221
193,Monmouth,34,21,13,.618,-0.79,-2.09,,11,9,,9,5,,10,7,,2333,2289,,67.1,101.5,.369,.340,.518,50.9,49.6,9.3,9.9,.475,15.0,29.4,.269
194,Montana State NCAA,34,27,7,.794,0.49,-6.04,,16,4,,13,1,,9,6,,2617,2328,,69.6,109.4,.387,.372,.583,53.4,49.7,7.4,10.3,.544,16.2,27.3,.292
195,Montana,32,18,14,.563,-6.16,-5.88,,11,9,,14,3,,4,10,,2310,2141,,67.5,106.5,.362,.366,.563,47.5,52.9,8.1,7.7,.517,13.8,19.5,.284
196,Morehead State,34,23,11,.676,1.11,-3.12,,13,5,,12,2,,8,8,,2379,2158,,66.6,104.8,.284,.413,.551,52.6,62.9,8.8,14.7,.530,17.5,31.2,.189
197,Morgan State,27,13,14,.481,-12.36,-7.88,,7,6,,8,3,,3,9,,2035,1955,,75.8,98.9,.324,.317,.518,50.4,54.2,11.1,10.0,.489,17.6,31.4,.218
198,Mount St. Mary's,30,14,16,.467,-7.97,-6.97,,9,7,,8,5,,6,11,,1984,1958,,65.3,100.5,.263,.305,.521,51.5,53.1,8.7,10.8,.496,16.9,31.4,.181
199,Murray State NCAA,32,30,2,.938,10.39,-3.61,,18,0,,15,0,,11,1,,2538,1993,,68.3,116.1,.313,.376,.569,55.9,50.7,11.6,9.4,.545,14.1,36.0,.218
200,Navy,32,21,11,.656,-2.93,-6.35,,12,6,,9,6,,11,5,,2079,1924,,64.7,99.7,.302,.315,.507,54.3,50.9,10.8,10.4,.481,16.7,33.7,.198
201,Omaha,30,5,25,.167,-16.51,-1.78,,4,14,,5,9,,0,15,,2088,2505,,71.4,97.4,.286,.341,.525,46.9,43.4,6.7,6.9,.492,17.1,24.2,.209
202,Nebraska,32,10,22,.313,3.49,8.74,,4,16,,7,12,,3,8,,2345,2513,,72.0,99.8,.333,.374,.540,45.2,49.0,9.8,7.2,.503,15.6,20.5,.244
203,Nevada-Las Vegas,32,18,14,.563,7.67,5.06,,10,8,,14,4,,4,7,,2236,2099,,67.0,104.3,.301,.425,.531,50.8,56.5,9.1,8.6,.496,14.5,27.1,.222
204,Nevada,31,13,18,.419,4.16,6.53,,6,12,,7,7,,3,9,,2249,2284,,71.2,101.9,.321,.363,.546,50.2,56.5,9.0,10.0,.510,16.6,24.5,.240
205,New Hampshire,28,15,13,.536,-6.25,-7.14,,10,8,,10,4,,5,9,,1925,1819,,63.6,108.1,.252,.412,.536,53.1,48.2,7.3,8.6,.515,12.4,28.8,.169
206,New Mexico State NCAA,32,26,6,.813,6.75,0.54,,13,4,,13,2,,9,3,,2346,2081,,68.5,106.6,.348,.425,.556,55.2,53.7,7.4,12.4,.527,17.5,33.7,.243
207,New Mexico,32,13,19,.406,1.65,4.72,,5,12,,11,7,,2,9,,2376,2411,,71.5,103.0,.319,.377,.537,47.4,45.1,8.7,11.2,.499,14.5,23.8,.239
208,New Orleans,31,18,13,.581,-7.15,-7.15,,10,4,,12,2,,3,9,,2396,2291,,74.7,102.6,.399,.225,.548,49.1,47.3,10.4,7.4,.506,16.8,26.3,.291
209,Niagara,30,14,16,.467,-3.44,-3.34,,9,11,,7,4,,5,10,,2022,1965,,65.7,101.3,.277,.361,.533,48.7,49.8,8.5,7.5,.501,14.7,23.2,.202
210,Nicholls State,32,21,11,.656,-3.52,-6.23,,11,3,,11,1,,7,7,,2532,2284,,72.4,108.4,.213,.377,.547,51.3,43.5,11.4,10.5,.535,14.5,32.0,.134
211,NJIT,29,11,18,.379,-14.54,-6.08,,6,12,,6,8,,5,10,,1826,2030,,67.3,92.4,.311,.355,.496,47.9,44.7,8.9,10.4,.467,16.8,23.0,.205
212,Norfolk State NCAA,30,24,6,.800,-3.37,-10.30,,12,2,,11,0,,7,6,,2253,1912,,71.1,105.7,.377,.355,.559,53.7,47.6,9.4,11.4,.528,17.2,30.5,.263
213,North Alabama,30,9,21,.300,-11.08,-2.96,,2,14,,6,7,,3,12,,2081,2056,,70.6,97.4,.230,.413,.493,48.2,40.4,9.6,9.4,.460,14.5,27.5,.173
214,UNC Asheville,30,16,14,.533,-5.14,-5.62,,8,8,,9,6,,6,7,,2246,2046,,67.7,107.8,.376,.403,.563,48.5,49.1,9.3,12.1,.527,15.6,27.5,.273
215,North Carolina A&T,32,12,20,.375,-9.80,-4.35,,6,10,,7,4,,3,13,,2167,2250,,68.5,98.1,.284,.341,.503,49.3,48.6,11.3,9.8,.478,15.9,29.9,.186
216,North Carolina Central,31,16,15,.516,-11.16,-7.23,,8,5,,9,2,,5,11,,2256,2120,,70.9,101.5,.363,.336,.534,52.3,47.5,12.2,7.0,.505,18.8,33.5,.243
217,UNC Greensboro,31,17,14,.548,-2.15,-1.75,,9,9,,9,5,,7,6,,2015,2008,,63.3,101.5,.276,.390,.528,54.2,51.2,10.0,6.0,.498,17.6,33.3,.200
218,NC State,32,11,21,.344,3.47,6.06,,4,16,,7,10,,3,7,,2336,2419,,67.9,105.4,.291,.393,.514,48.1,43.9,10.2,9.6,.479,12.4,30.2,.211
219,UNC Wilmington,32,23,9,.719,-2.32,-3.52,,15,3,,12,2,,9,5,,2251,2176,,66.7,103.8,.325,.369,.517,47.6,42.8,11.3,11.1,.479,13.4,28.6,.236
220,North Carolina NCAA,33,24,9,.727,13.11,7.32,,15,5,,15,2,,8,3,,2558,2367,,70.2,109.6,.296,.375,.557,55.4,53.6,7.7,9.8,.521,14.4,30.4,.229
221,North Dakota State,33,23,10,.697,-1.06,-4.12,,13,5,,12,3,,9,6,,2469,2267,,68.2,108.0,.339,.373,.566,53.4,42.3,5.6,8.4,.528,15.0,25.3,.258
222,North Dakota,31,6,25,.194,-16.10,-4.79,,2,16,,4,11,,1,13,,2178,2444,,69.4,100.9,.315,.441,.519,49.4,50.5,5.7,4.9,.481,15.0,26.6,.231
223,North Florida,31,11,20,.355,-8.12,0.31,,7,9,,7,5,,4,15,,2124,2206,,69.1,98.4,.298,.501,.534,46.2,54.3,8.0,10.8,.501,18.5,26.2,.217
224,North Texas,31,25,6,.806,9.13,1.09,,16,2,,13,2,,9,1,,2014,1712,,60.9,106.3,.374,.424,.543,53.6,48.5,10.9,8.0,.518,16.1,32.2,.242
225,Northeastern,31,9,22,.290,-6.15,-1.34,,2,16,,6,8,,0,12,,1993,2142,,65.4,97.5,.306,.405,.536,51.6,49.6,7.1,7.7,.501,18.9,26.3,.225
226,Northern Arizona,32,9,23,.281,-13.13,-3.73,,5,15,,5,11,,3,11,,2161,2347,,67.8,98.9,.281,.419,.517,52.2,52.3,6.6,6.9,.492,17.1,28.6,.186
227,Northern Colorado,35,20,15,.571,-4.22,-3.59,,13,7,,9,4,,8,9,,2737,2689,,70.9,109.1,.310,.462,.587,50.4,44.9,5.8,7.0,.562,15.6,22.5,.223
228,Northern Illinois,30,9,21,.300,-10.08,-2.64,,6,14,,3,8,,6,11,,1923,2146,,68.6,93.1,.331,.335,.505,47.1,48.8,9.1,7.9,.472,17.7,24.3,.224
229,Northern Iowa,30,19,11,.633,6.09,3.33,,14,4,,10,4,,8,4,,2232,2115,,67.5,108.0,.335,.428,.574,50.4,45.3,8.2,4.9,.533,14.7,21.5,.264
230,Northern Kentucky,32,20,12,.625,-2.84,-5.84,,14,6,,12,4,,7,7,,2237,2083,,65.6,104.9,.259,.432,.531,51.9,54.7,13.6,7.4,.503,16.6,35.3,.185
231,Northwestern State,32,9,23,.281,-13.79,-2.93,,5,9,,6,6,,2,14,,2363,2573,,73.2,100.9,.244,.338,.526,48.5,53.7,8.7,8.6,.503,16.6,29.3,.169
232,Northwestern,31,15,16,.484,9.37,7.57,,7,13,,10,6,,3,8,,2262,2168,,68.8,104.4,.256,.387,.523,49.3,59.5,9.3,10.7,.495,12.3,25.4,.184
233,Notre Dame NCAA,32,22,10,.688,11.10,6.10,,15,5,,14,1,,7,5,,2320,2139,,66.1,108.9,.270,.430,.573,50.6,54.6,7.7,4.9,.544,14.0,22.5,.204
234,Oakland,32,20,12,.625,-1.29,-3.79,,12,7,,10,3,,7,8,,2380,2194,,69.0,107.3,.334,.414,.547,49.4,51.9,13.0,6.9,.502,15.3,31.4,.265
235,Ohio State NCAA,30,19,11,.633,14.36,9.03,,12,8,,13,3,,5,6,,2214,2054,,65.4,112.0,.335,.397,.582,51.8,49.3,6.7,12.7,.548,14.8,28.8,.254
236,Ohio,33,24,9,.727,2.10,-4.06,,14,6,,15,2,,8,6,,2440,2223,,68.9,107.3,.306,.456,.542,49.4,49.8,10.9,7.5,.508,13.3,27.2,.224
237,Oklahoma State,30,15,15,.500,13.30,10.60,,8,10,,10,6,,3,8,,2051,1970,,68.8,96.9,.330,.314,.510,50.8,50.4,12.1,15.7,.480,18.4,32.3,.220
238,Oklahoma,34,19,15,.559,14.47,10.26,,7,11,,12,5,,3,8,,2349,2206,,66.2,102.9,.279,.411,.575,50.9,54.9,11.1,5.4,.547,19.7,25.8,.208
239,Old Dominion,32,13,19,.406,-1.25,-0.02,,8,10,,10,4,,3,11,,2127,2145,,65.7,100.8,.340,.265,.506,52.5,50.3,9.7,10.6,.473,15.3,32.2,.229
240,Oral Roberts,31,19,12,.613,-0.36,-4.00,,12,6,,10,5,,8,6,,2582,2306,,72.2,114.4,.232,.462,.567,52.8,38.8,7.6,10.2,.544,11.9,28.4,.170
241,Oregon State,31,3,28,.097,-0.96,8.88,,1,19,,3,13,,0,12,,2117,2422,,67.8,99.1,.276,.308,.521,45.7,47.3,8.7,8.5,.492,16.1,26.2,.196
242,Oregon,34,20,14,.588,10.89,8.38,,11,9,,12,5,,6,5,,2472,2365,,68.6,105.2,.292,.359,.538,49.8,45.2,9.9,9.1,.514,14.8,29.7,.198
243,Pacific,30,8,22,.267,-7.63,0.80,,3,11,,7,7,,0,13,,1976,2182,,69.5,94.3,.319,.335,.502,48.8,48.3,9.2,7.9,.468,15.8,22.7,.219
244,Penn State,31,14,17,.452,9.15,9.54,,7,13,,10,5,,1,10,,2003,2015,,62.8,101.6,.218,.426,.530,53.0,49.7,8.3,6.2,.505,16.2,28.6,.160
245,Pennsylvania,28,12,16,.429,-3.84,-0.41,,9,5,,6,3,,5,10,,2017,2113,,69.0,103.4,.242,.403,.539,48.8,47.3,7.9,6.0,.513,15.0,25.2,.176
246,Pepperdine,32,7,25,.219,-6.67,3.78,,1,15,,7,9,,0,13,,2183,2480,,71.7,94.4,.238,.352,.506,47.6,58.4,7.8,6.1,.478,17.9,26.6,.171
247,Pittsburgh,32,11,21,.344,0.09,6.62,,6,14,,8,11,,3,9,,1969,2178,,64.2,95.8,.394,.336,.509,52.1,52.1,8.4,12.4,.467,18.4,30.5,.274
248,Portland State,31,14,17,.452,-7.40,-5.37,,10,10,,7,7,,5,9,,2280,2237,,72.2,101.0,.318,.336,.520,47.1,42.9,12.8,9.4,.481,14.9,27.3,.236
249,Portland,32,18,14,.563,-1.40,-0.44,,7,7,,10,4,,6,8,,2364,2304,,71.9,102.3,.352,.380,.549,50.6,55.7,6.9,6.7,.501,16.3,24.0,.280
250,Prairie View,27,8,19,.296,-10.22,-3.40,,8,8,,5,4,,3,13,,1877,2061,,71.8,95.6,.385,.327,.524,49.2,47.7,11.7,8.2,.484,20.8,31.7,.271
251,Presbyterian,32,12,20,.375,-8.40,-3.58,,4,12,,7,7,,3,12,,2170,2174,,66.5,98.5,.315,.360,.502,53.1,50.8,11.5,8.4,.471,16.7,33.9,.212
252,Princeton,30,23,7,.767,2.72,-3.89,,12,2,,13,1,,8,4,,2395,2103,,68.7,114.7,.208,.453,.584,51.4,51.0,8.9,4.4,.575,12.9,25.8,.133
253,Providence NCAA,30,25,5,.833,12.27,7.47,,14,3,,16,1,,7,2,,2154,2010,,66.0,106.6,.385,.381,.543,52.1,54.0,7.5,9.9,.503,15.0,30.5,.280
254,Purdue NCAA,34,27,7,.794,19.76,8.73,,14,6,,16,1,,5,5,,2713,2338,,66.6,118.5,.363,.391,.595,57.0,58.9,6.9,9.9,.570,14.8,35.2,.255
255,Quinnipiac,31,14,17,.452,-5.99,-4.62,,7,13,,8,7,,4,9,,2226,2216,,69.3,103.2,.266,.438,.540,50.7,56.5,9.1,5.7,.507,16.3,28.7,.203
256,Radford,29,11,18,.379,-9.23,-3.89,,7,9,,8,4,,3,12,,1832,1955,,65.4,95.3,.278,.408,.503,50.3,47.4,10.0,4.7,.477,18.0,28.9,.186
257,Rhode Island,31,15,16,.484,3.01,1.31,,5,12,,10,5,,3,9,,2081,2015,,68.2,98.4,.360,.292,.527,51.5,54.2,10.8,18.2,.505,18.3,28.6,.223
258,Rice,32,16,16,.500,-2.70,-1.14,,7,11,,10,5,,4,8,,2382,2356,,68.5,107.1,.313,.429,.566,50.7,59.5,7.4,4.2,.539,15.9,26.2,.223
259,Richmond NCAA,35,23,12,.657,7.41,3.98,,10,8,,11,4,,7,5,,2510,2390,,67.5,105.6,.309,.421,.547,47.7,57.7,11.6,6.1,.515,13.0,22.4,.224
260,Rider,33,14,19,.424,-6.22,-3.90,,8,12,,7,6,,4,11,,2237,2286,,68.3,98.2,.273,.286,.496,50.5,50.8,9.9,7.7,.460,14.8,29.3,.201
261,Robert Morris,32,8,24,.250,-12.21,-5.18,,5,16,,4,10,,4,14,,2220,2390,,67.7,101.7,.283,.319,.551,49.3,49.2,8.8,10.1,.517,18.4,28.5,.215
262,Rutgers NCAA,31,18,13,.581,9.19,7.09,,12,8,,14,3,,4,9,,2105,2040,,65.8,102.4,.269,.314,.523,51.2,58.7,10.9,11.8,.495,15.0,29.3,.189
263,Sacramento State,29,11,18,.379,-11.71,-5.01,,6,14,,5,8,,4,9,,1898,2035,,66.4,98.1,.283,.338,.518,46.5,45.8,8.9,8.1,.492,14.9,22.4,.192
264,Sacred Heart,30,10,20,.333,-13.32,-8.70,,6,10,,6,7,,4,13,,2180,2254,,69.3,104.0,.247,.390,.538,50.9,54.0,7.8,5.7,.512,17.0,31.8,.179
265,Saint Francis (PA),30,9,21,.300,-14.37,-7.71,,5,13,,4,8,,5,13,,2058,2205,,68.9,98.3,.301,.311,.498,49.3,50.9,9.4,7.3,.472,15.5,31.0,.195
266,Saint Joseph's,30,11,19,.367,1.15,2.62,,5,13,,9,7,,1,10,,2028,2072,,68.5,97.9,.229,.449,.515,51.7,54.4,7.1,5.9,.497,17.1,27.0,.150
267,Saint Louis,34,23,11,.676,10.48,3.54,,12,6,,14,4,,5,6,,2598,2296,,69.0,109.5,.324,.306,.555,54.4,54.0,9.4,8.4,.517,15.7,34.5,.247
268,Saint Mary's (CA) NCAA,32,25,7,.781,14.75,6.40,,12,3,,16,0,,6,4,,2232,1936,,65.7,106.2,.239,.362,.555,53.3,51.4,10.7,6.7,.527,15.3,27.8,.182
269,Saint Peter's NCAA,30,19,11,.633,0.83,-3.10,,14,6,,9,4,,7,7,,2006,1853,,66.9,99.5,.371,.304,.520,52.2,51.8,10.8,14.7,.484,17.7,32.0,.254
270,Sam Houston State,33,19,14,.576,0.43,-0.81,,13,5,,11,2,,5,8,,2272,2082,,68.8,99.7,.244,.422,.513,52.2,55.1,11.0,8.1,.499,15.8,27.9,.148
271,Samford,32,21,11,.656,-2.81,-1.56,,10,8,,13,2,,5,8,,2390,2363,,70.5,105.1,.283,.435,.548,51.1,48.0,10.5,9.2,.519,16.8,30.6,.207
272,San Diego State NCAA,31,23,8,.742,13.74,6.12,,13,4,,14,1,,5,5,,2024,1788,,65.2,99.3,.313,.308,.519,51.8,50.1,11.4,14.4,.488,16.8,29.6,.217
273,San Diego,31,15,16,.484,-2.92,1.87,,7,9,,8,6,,5,8,,2041,2086,,67.4,96.9,.258,.283,.506,50.6,40.0,7.5,8.6,.476,16.1,27.0,.184
274,San Francisco NCAA,33,24,9,.727,14.78,5.47,,10,6,,14,4,,7,2,,2543,2212,,70.9,108.7,.289,.450,.560,53.7,47.5,10.9,11.5,.537,15.8,30.4,.201
275,San Jose State,31,8,23,.258,-6.56,4.24,,1,17,,7,9,,1,13,,1993,2242,,66.3,96.6,.223,.451,.525,46.2,55.0,7.8,8.2,.507,17.7,22.4,.147
276,Santa Clara,33,21,12,.636,9.33,3.97,,10,5,,14,4,,5,6,,2550,2373,,71.4,107.8,.276,.321,.575,50.4,52.5,8.3,8.8,.545,14.7,22.8,.210
277,Seattle,32,23,9,.719,2.29,-3.78,,14,4,,17,2,,6,6,,2395,2132,,71.8,103.8,.280,.458,.531,50.3,52.6,9.6,10.1,.494,14.1,26.4,.214
278,Seton Hall NCAA,31,21,10,.677,13.88,8.62,,11,8,,13,3,,6,5,,2260,2056,,68.8,105.6,.314,.358,.525,52.2,40.5,10.2,14.0,.484,14.7,33.0,.238
279,Siena,29,15,14,.517,-6.78,-3.88,,12,8,,8,5,,7,8,,1922,2006,,67.2,97.4,.289,.340,.521,48.2,42.1,9.1,9.8,.487,16.5,24.5,.212
280,South Alabama,30,19,11,.633,0.94,-3.14,,9,7,,13,2,,4,8,,2141,1895,,67.5,105.3,.321,.352,.547,49.9,44.3,10.1,14.2,.517,16.2,28.9,.226
281,South Carolina State,31,15,16,.484,-12.85,-8.20,,7,7,,8,5,,5,8,,2227,2249,,73.7,96.3,.312,.324,.478,52.9,47.6,8.9,10.1,.441,16.4,35.7,.215
282,South Carolina Upstate,31,15,16,.484,-9.11,-4.18,,10,6,,6,7,,8,8,,2208,2258,,69.5,101.7,.284,.385,.550,47.3,53.8,9.1,9.9,.518,16.4,22.2,.213
283,South Carolina,31,18,13,.581,7.43,8.66,,9,9,,12,4,,4,7,,2200,2178,,72.2,98.0,.286,.349,.506,51.3,53.6,10.8,13.7,.479,17.8,34.3,.192
284,South Dakota State NCAA,34,30,4,.882,7.21,-3.76,,18,0,,14,0,,10,3,,2948,2495,,71.9,120.2,.338,.353,.631,53.0,48.9,8.4,6.8,.604,13.8,24.4,.257
285,South Dakota,31,19,12,.613,-3.92,-5.09,,11,7,,11,4,,6,7,,2329,2198,,67.5,110.5,.337,.332,.564,52.9,44.6,6.5,6.6,.528,13.0,27.1,.253
286,South Florida,31,8,23,.258,-2.85,4.60,,3,15,,6,10,,2,9,,1781,2012,,65.9,87.2,.254,.306,.444,50.0,50.6,9.4,11.9,.413,16.2,29.6,.169
287,Southeast Missouri State,32,14,18,.438,-6.85,-4.35,,8,9,,8,5,,5,10,,2418,2473,,72.6,103.7,.366,.436,.551,48.1,54.5,8.9,7.3,.512,16.1,25.7,.268
288,Southeastern Louisiana,33,19,14,.576,-8.97,-5.66,,10,4,,10,1,,5,10,,2611,2573,,73.6,107.1,.371,.427,.577,47.3,57.1,10.7,10.1,.538,17.2,26.6,.281
289,Southern California NCAA,33,26,7,.788,13.14,6.47,,14,6,,13,3,,9,3,,2395,2175,,67.5,106.8,.309,.320,.535,54.2,52.8,7.5,11.3,.511,15.1,33.8,.206
290,SIU Edwardsville,32,11,21,.344,-10.02,-4.35,,5,13,,8,5,,3,13,,2161,2238,,69.1,96.6,.336,.350,.504,51.4,51.0,10.2,11.1,.469,18.4,34.1,.232
291,Southern Illinois,31,16,15,.516,3.16,1.06,,9,9,,11,4,,4,8,,1985,1902,,62.9,101.7,.290,.422,.545,49.6,52.2,8.7,6.0,.520,16.3,22.7,.200
292,Southern Methodist,31,23,8,.742,11.78,4.59,,13,4,,16,0,,6,5,,2305,2082,,69.4,106.7,.359,.425,.559,50.5,55.4,9.0,10.5,.521,15.6,27.7,.266
293,Southern Mississippi,33,7,26,.212,-13.49,-0.30,,1,17,,3,11,,1,14,,2126,2471,,68.3,93.7,.270,.303,.505,48.0,50.7,7.3,8.1,.477,17.3,23.6,.186
294,Southern Utah,31,20,11,.645,-1.95,-5.12,,14,6,,11,3,,7,7,,2430,2257,,71.2,108.3,.350,.404,.558,53.2,42.2,8.7,7.2,.526,15.2,28.9,.250
295,Southern,31,17,14,.548,-4.87,-6.67,,11,6,,9,2,,8,11,,2229,2103,,72.1,99.3,.347,.336,.533,47.7,52.5,14.5,7.8,.500,17.7,27.7,.242
296,St. Bonaventure,30,21,9,.700,8.25,4.28,,12,5,,13,2,,5,4,,2110,1991,,66.6,105.1,.265,.314,.536,50.3,52.3,9.6,15.5,.504,13.9,27.3,.199
297,St. Francis (NY),30,10,20,.333,-13.35,-7.80,,7,11,,3,9,,7,9,,2017,2116,,68.2,97.7,.243,.366,.496,49.4,47.9,9.7,6.6,.467,15.4,30.0,.173
298,St. John's (NY),32,17,15,.531,12.07,6.64,,8,11,,12,7,,4,7,,2547,2373,,74.2,106.4,.261,.324,.530,49.3,61.9,11.8,14.5,.508,13.7,30.7,.176
299,St. Thomas (MN),30,10,20,.333,-10.68,-5.12,,4,14,,5,8,,3,12,,2241,2260,,68.2,109.5,.223,.515,.558,45.5,47.1,7.6,3.8,.533,10.8,18.0,.169
300,Stanford,32,16,16,.500,6.83,9.15,,8,12,,10,5,,3,9,,2124,2198,,66.8,99.0,.299,.387,.522,55.1,54.4,8.3,7.6,.498,19.1,33.8,.197
301,Stephen F. Austin,31,22,9,.710,3.38,-1.25,,14,4,,13,3,,7,4,,2317,2110,,71.9,103.6,.356,.309,.554,52.2,55.3,12.5,12.1,.527,19.6,34.7,.241
302,Stetson,30,11,19,.367,-10.20,-3.93,,5,11,,7,8,,4,11,,2090,2144,,67.5,101.6,.248,.410,.525,51.0,56.2,10.3,8.4,.502,16.4,29.6,.171
303,Stony Brook,31,18,13,.581,-6.63,-5.43,,10,8,,13,4,,5,9,,2261,2267,,68.6,106.0,.269,.403,.539,48.8,42.5,9.7,8.1,.506,13.5,27.0,.203
304,Syracuse,33,16,17,.485,9.89,7.59,,9,11,,11,5,,3,8,,2553,2477,,68.5,110.9,.283,.392,.555,49.0,52.6,10.0,11.6,.525,13.3,29.2,.208
305,Tarleton State,31,14,17,.452,-2.82,-0.15,,9,9,,10,5,,4,12,,2002,2025,,65.7,97.8,.343,.304,.511,47.1,49.5,11.6,7.4,.465,16.2,28.0,.259
306,Temple,29,17,12,.586,4.77,4.46,,10,7,,11,3,,5,6,,1936,1927,,67.1,98.6,.397,.382,.495,51.7,52.7,10.0,12.6,.454,15.7,32.7,.269
307,Tennessee-Martin,30,8,22,.267,-10.85,-2.75,,4,14,,5,8,,2,13,,2067,2206,,70.6,97.6,.263,.373,.500,49.5,46.3,9.4,12.2,.471,16.2,30.5,.184
308,Tennessee State,32,14,18,.438,-9.02,-6.99,,8,10,,8,5,,5,11,,2282,2246,,69.8,101.8,.318,.326,.535,51.2,47.6,9.6,9.7,.502,17.2,30.4,.227
309,Tennessee Tech,32,11,21,.344,-7.06,-2.82,,7,10,,7,7,,3,12,,2328,2357,,70.6,102.2,.235,.328,.524,50.9,57.1,10.2,10.0,.505,16.0,31.6,.155
310,Tennessee NCAA,33,26,7,.788,20.84,10.42,,14,4,,16,0,,6,5,,2415,2071,,68.7,105.8,.296,.406,.533,52.3,62.3,13.4,13.3,.503,15.3,32.8,.211
311,Texas A&M-Corpus Christi NCAA,35,23,12,.657,-6.57,-8.89,,7,7,,9,4,,7,6,,2682,2454,,72.3,105.5,.364,.313,.537,53.0,56.0,11.7,5.6,.495,16.5,34.6,.269
312,Texas A&M,36,24,12,.667,12.13,7.27,,9,9,,14,4,,5,5,,2622,2402,,68.7,104.6,.354,.350,.535,50.4,53.7,14.6,10.2,.500,16.4,34.5,.250
313,UT Arlington,29,11,18,.379,-5.20,-0.65,,7,10,,8,4,,3,13,,1948,1993,,66.5,97.6,.288,.346,.505,50.1,57.0,11.4,12.2,.473,17.4,31.6,.202
314,TCU NCAA,32,20,12,.625,12.89,9.80,,8,10,,12,4,,4,6,,2179,2080,,67.1,101.1,.312,.319,.517,56.1,53.9,9.3,11.4,.489,18.1,37.8,.209
315,UTEP,32,19,13,.594,0.20,-0.17,,11,7,,11,5,,7,6,,2203,2129,,67.9,100.6,.283,.378,.532,46.7,48.7,11.0,9.9,.496,15.4,23.4,.215
316,Texas-Rio Grande Valley,31,8,23,.258,-9.78,-0.88,,3,15,,4,9,,3,12,,2212,2438,,73.2,97.5,.416,.374,.536,47.2,49.9,7.1,8.5,.498,18.8,25.1,.289
317,UTSA,32,10,22,.313,-10.29,-1.33,,3,15,,8,10,,1,11,,2153,2313,,70.0,95.7,.265,.338,.476,50.9,46.0,8.1,7.2,.445,15.2,31.0,.181
318,Texas Southern NCAA,31,19,12,.613,-2.98,-6.88,,13,5,,7,2,,8,10,,2153,2032,,69.6,99.4,.336,.311,.517,53.5,42.2,7.9,13.6,.486,18.2,33.4,.227
319,Texas State,29,21,8,.724,0.37,-2.63,,12,3,,12,1,,7,6,,2043,1834,,65.6,107.0,.318,.306,.555,51.9,47.9,9.8,11.1,.520,16.3,31.6,.239
320,Texas Tech NCAA,34,25,9,.735,19.97,8.59,,12,6,,18,0,,3,7,,2438,2051,,67.5,105.1,.361,.344,.555,54.6,52.3,12.0,11.9,.524,17.6,33.3,.252
321,Texas NCAA,32,21,11,.656,17.22,8.51,,10,8,,16,3,,4,7,,2187,1908,,64.3,105.6,.323,.360,.538,51.1,53.6,11.9,10.1,.500,15.7,31.8,.242
322,Toledo,33,26,7,.788,7.05,-3.33,,17,3,,13,1,,9,5,,2662,2260,,70.4,114.5,.287,.312,.570,53.4,51.1,7.8,7.4,.540,12.8,30.5,.217
323,Towson,33,25,8,.758,6.41,-2.77,,15,3,,12,2,,11,4,,2414,2111,,66.0,110.4,.342,.381,.553,54.9,52.5,10.8,8.5,.520,15.2,35.5,.247
324,Troy,31,20,11,.645,-3.15,-3.54,,10,6,,10,3,,8,6,,2144,2018,,69.0,99.5,.329,.403,.526,52.6,57.2,11.3,6.2,.490,18.7,31.9,.237
325,Tulane,29,14,15,.483,6.84,5.43,,10,8,,9,4,,3,8,,2121,2080,,69.3,104.1,.334,.386,.551,44.7,53.4,11.3,10.0,.512,13.7,19.9,.252
326,Tulsa,31,11,20,.355,1.79,4.31,,4,14,,8,8,,1,10,,2089,2167,,67.3,100.1,.310,.361,.530,48.4,49.0,10.2,7.2,.496,16.8,26.7,.225
327,UCLA NCAA,32,25,7,.781,20.36,8.80,,15,5,,14,1,,8,4,,2444,2074,,67.1,111.6,.298,.315,.539,52.8,50.0,10.3,9.6,.506,11.4,32.0,.220
328,Utah State,34,18,16,.529,10.86,4.98,,8,10,,9,7,,4,7,,2497,2273,,67.3,107.5,.287,.402,.571,53.0,66.5,9.0,6.2,.545,16.2,26.3,.207
329,Utah Valley,32,20,12,.625,2.68,-1.29,,10,8,,11,2,,6,9,,2279,2084,,68.2,102.5,.382,.313,.549,55.8,59.5,7.9,11.8,.512,19.2,32.8,.272
330,Utah,31,11,20,.355,5.90,7.06,,4,16,,7,9,,2,9,,2161,2197,,67.2,102.9,.300,.394,.526,50.2,55.5,6.8,7.5,.484,15.6,29.3,.232
331,Valparaiso,32,14,18,.438,-1.29,1.15,,6,12,,8,8,,3,8,,2264,2257,,67.4,101.8,.262,.380,.553,49.2,47.8,9.2,8.0,.523,14.7,16.9,.199
332,Vanderbilt,34,18,16,.529,11.36,8.25,,7,11,,10,8,,5,7,,2405,2299,,69.2,101.9,.392,.459,.539,49.4,49.4,10.6,10.1,.503,16.9,27.5,.273
333,Vermont NCAA,33,28,5,.848,7.75,-6.32,,17,1,,16,0,,10,4,,2473,1990,,65.1,114.6,.264,.430,.596,55.0,55.2,8.0,7.4,.572,13.4,24.6,.197
334,Villanova NCAA,33,26,7,.788,19.47,9.92,,16,4,,12,1,,8,5,,2397,2082,,64.2,112.7,.305,.460,.564,51.9,49.0,9.7,7.1,.520,13.4,30.9,.251
335,Virginia Commonwealth,31,22,9,.710,9.99,4.99,,14,4,,12,4,,9,2,,2072,1917,,68.4,97.4,.303,.297,.542,48.5,56.2,13.4,14.7,.515,19.5,26.6,.211
336,VMI,31,16,15,.516,-1.87,-1.98,,9,9,,9,4,,6,9,,2451,2282,,69.0,113.3,.244,.549,.593,49.7,58.7,6.8,8.2,.566,14.6,24.3,.191
337,Virginia Tech NCAA,35,23,12,.657,14.17,5.71,,11,9,,11,4,,7,6,,2476,2180,,63.5,111.1,.237,.415,.575,51.5,55.4,8.4,9.5,.552,14.9,28.1,.176
338,Virginia,32,19,13,.594,8.29,5.92,,12,8,,10,6,,6,6,,2002,1926,,60.2,103.9,.281,.298,.530,50.0,59.9,9.7,13.9,.497,14.3,28.3,.208
339,Wagner,27,21,6,.778,-0.92,-8.81,,13,3,,12,1,,9,5,,2010,1747,,68.3,107.0,.323,.300,.540,53.6,52.6,12.0,8.7,.506,15.4,33.9,.234
340,Wake Forest,32,23,9,.719,13.27,4.02,,13,7,,16,2,,5,5,,2543,2247,,71.0,110.3,.320,.420,.589,52.3,53.0,8.8,10.0,.562,16.7,27.1,.234
341,Washington State,34,20,14,.588,12.75,6.02,,11,9,,13,7,,6,5,,2436,2207,,67.4,105.9,.296,.443,.520,51.2,45.6,9.4,12.9,.483,14.1,33.2,.221
342,Washington,32,17,15,.531,5.58,7.27,,11,9,,11,6,,3,7,,2260,2314,,70.4,99.1,.347,.329,.503,46.2,41.0,11.6,10.5,.464,14.5,29.3,.244
343,Weber State,33,21,12,.636,-1.44,-4.92,,13,7,,9,6,,8,5,,2513,2319,,71.1,106.8,.377,.377,.577,49.0,40.0,10.7,7.1,.539,15.0,20.7,.282
344,West Virginia,33,16,17,.485,10.28,10.80,,4,14,,12,5,,1,10,,2259,2276,,68.5,100.0,.361,.337,.511,47.2,44.4,11.4,13.1,.468,15.7,29.9,.262
345,Western Carolina,32,11,21,.344,-10.35,-1.77,,5,13,,8,5,,2,14,,2261,2472,,69.3,100.8,.278,.511,.509,50.0,52.4,7.0,7.1,.483,15.2,29.4,.187
346,Western Illinois,31,16,15,.516,-5.19,-5.23,,7,11,,9,6,,7,8,,2439,2390,,72.4,106.9,.303,.409,.537,52.2,40.9,8.5,6.4,.507,13.6,29.2,.215
347,Western Kentucky,32,19,13,.594,3.45,0.38,,11,7,,13,4,,5,6,,2414,2214,,71.0,106.3,.302,.369,.560,48.8,50.5,11.9,16.9,.533,15.3,24.6,.215
348,Western Michigan,31,8,23,.258,-13.13,-1.92,,4,16,,4,10,,2,13,,2027,2329,,66.5,97.1,.251,.454,.522,47.9,43.7,7.9,6.5,.496,17.9,26.6,.176
349,Wichita State,28,15,13,.536,8.33,6.22,,6,9,,11,6,,3,5,,1917,1858,,67.8,99.6,.317,.414,.510,51.5,51.1,11.0,12.6,.467,16.1,32.3,.239
350,William & Mary,32,5,27,.156,-14.10,-2.07,,4,14,,4,10,,1,14,,2044,2380,,69.9,90.3,.300,.390,.497,49.7,50.7,9.3,8.5,.462,20.2,26.9,.211
351,Winthrop,32,23,9,.719,-1.55,-3.62,,14,2,,13,0,,7,7,,2407,2246,,69.3,107.3,.369,.429,.591,52.0,50.8,9.2,7.7,.565,18.7,26.7,.258
352,Wisconsin NCAA,31,24,7,.774,13.85,9.69,,15,5,,12,4,,9,2,,2192,2063,,67.1,105.3,.323,.361,.521,50.2,44.3,7.9,7.5,.482,11.2,25.9,.240
353,Wofford,32,19,13,.594,2.14,-1.43,,10,8,,11,4,,7,8,,2322,2120,,65.6,110.2,.287,.485,.581,53.0,52.0,10.5,5.2,.551,15.7,28.3,.218
354,Wright State NCAA,34,21,13,.618,-2.12,-5.66,,15,7,,12,3,,7,7,,2566,2416,,69.5,108.6,.313,.325,.556,51.2,50.7,8.3,7.6,.518,15.3,31.2,.240
355,Wyoming NCAA,34,25,9,.735,9.87,4.12,,13,5,,14,1,,8,5,,2466,2227,,66.3,107.8,.359,.431,.565,52.0,44.7,5.8,5.4,.531,15.0,25.5,.260
356,Xavier,32,19,13,.594,12.98,8.29,,8,11,,14,5,,4,6,,2364,2214,,69.2,105.2,.357,.359,.536,51.8,55.8,10.8,11.7,.502,14.4,29.3,.251
357,Yale NCAA,30,19,11,.633,0.07,-1.97,,11,3,,10,3,,6,6,,2170,2065,,70.3,102.5,.326,.363,.541,50.4,46.2,8.8,9.3,.504,16.1,25.7,.241
358,Youngstown State,32,18,14,.563,-6.16,-7.19,,12,9,,12,7,,6,7,,2329,2229,,67.3,107.6,.300,.381,.550,51.7,45.9,7.9,6.9,.516,14.9,30.8,.226
