,,Overall,Overall,Overall,Overall,Overall,Overall,,Conf.,Conf.,,Home,Home,,Away,Away,,Points,Points,,Opponent Advanced,Opponent Advanced,Opponent Advanced,Opponent Advanced,Opponent Advanced,Opponent Advanced,Opponent Advanced,Opponent Advanced,Opponent Advanced,Opponent Advanced,Opponent Advanced,Opponent Advanced,Opponent Advanced
Rk,School,G,W,L,W-L%,SRS,SOS,,W,L,,W,L,,W,L,,Tm.,Opp.,,Pace,ORtg,FTr,3PAr,TS%,TRB%,AST%,STL%,BLK%,eFG%,TOV%,ORB%,FT/FGA
1,Abilene Christian NCAA,27,23,4,.852,6.11,-8.46,,13,2,,13,0,,5,4,,2096,1634,,72.5,83.5,.395,.346,.495,48.2,48.4,9.1,9.5,.453,24.9,26.9,.270
2,Air Force,25,5,20,.200,-13.06,0.14,,3,17,,3,8,,1,10,,1468,1798,,63.9,112.5,.328,.405,.594,59.9,56.3,9.4,8.2,.574,18.7,35.4,.226
3,Akron,23,15,8,.652,2.63,-1.18,,12,6,,9,1,,5,5,,1798,1660,,70.1,101.8,.261,.339,.515,48.3,44.9,7.9,6.7,.485,14.5,28.6,.186
4,Alabama A&M,15,6,9,.400,-19.25,-15.38,,4,9,,5,2,,1,7,,950,1008,,70.1,94.3,.374,.333,.480,50.2,53.7,11.3,6.9,.440,15.5,29.2,.251
5,Alabama-Birmingham,29,22,7,.759,5.88,-3.76,,13,5,,15,2,,6,4,,2105,1748,,68.9,87.4,.277,.363,.493,48.3,49.0,6.1,8.3,.462,21.2,25.1,.192
6,Alabama State,18,4,14,.222,-24.74,-17.40,,4,14,,3,6,,1,8,,1156,1288,,72.4,98.9,.369,.319,.526,50.9,49.8,10.7,11.4,.489,18.0,29.6,.257
7,Alabama NCAA,30,24,6,.800,20.18,10.38,,16,2,,12,1,,7,3,,2387,2093,,75.1,92.9,.319,.336,.489,49.0,44.0,10.6,14.1,.453,18.2,29.8,.219
8,Albany (NY),16,7,9,.438,-3.70,-4.39,,6,6,,4,5,,2,4,,1110,1099,,69.7,98.6,.293,.369,.540,52.1,48.8,8.1,11.0,.513,18.6,27.3,.202
9,Alcorn State,19,6,13,.316,-19.96,-10.44,,6,7,,4,3,,2,9,,1256,1437,,71.3,106.1,.501,.390,.585,52.2,58.0,9.5,10.8,.554,19.6,30.3,.340
10,American,10,4,6,.400,-2.45,2.05,,4,5,,2,2,,2,4,,691,736,,67.5,103.8,.384,.295,.533,51.8,43.7,12.0,7.8,.502,15.3,29.9,.257
11,Appalachian State NCAA,28,17,11,.607,-5.32,-5.23,,7,8,,9,4,,4,7,,1986,1806,,66.7,94.7,.242,.380,.509,49.4,50.2,8.1,13.1,.482,18.2,27.4,.172
12,Arizona State,25,11,14,.440,5.36,8.12,,7,10,,7,6,,2,6,,1858,1927,,72.6,105.1,.361,.363,.563,55.4,55.6,7.6,8.2,.525,18.2,30.0,.269
13,Arizona,26,17,9,.654,12.68,5.83,,11,9,,12,4,,5,5,,1961,1783,,68.4,99.3,.324,.367,.525,44.9,46.3,7.8,7.0,.492,16.0,24.1,.229
14,Little Rock,26,11,15,.423,-6.30,-5.34,,7,11,,7,4,,2,8,,1786,1782,,67.9,99.9,.272,.394,.535,47.7,53.8,9.6,8.3,.505,17.8,27.4,.197
15,Arkansas-Pine Bluff,25,4,21,.160,-22.89,-8.01,,3,12,,2,3,,2,17,,1549,1921,,69.5,109.4,.383,.333,.567,53.3,59.4,11.8,9.9,.541,16.0,31.7,.258
16,Arkansas State,24,11,13,.458,-7.94,-5.85,,7,8,,9,3,,1,9,,1741,1667,,69.3,99.7,.275,.335,.515,47.5,48.4,9.7,10.2,.481,15.7,27.6,.203
17,Arkansas NCAA,28,22,6,.786,18.07,6.36,,13,4,,16,1,,5,4,,2307,1979,,75.3,93.4,.293,.376,.506,47.2,46.5,8.9,8.8,.476,18.0,26.2,.201
18,Army,21,12,9,.571,4.67,4.77,,7,7,,5,5,,5,3,,1511,1452,,69.9,98.3,.238,.411,.535,50.4,51.2,9.9,9.4,.510,17.7,23.9,.171
19,Auburn,27,13,14,.481,10.29,9.55,,7,11,,8,5,,3,8,,2084,2064,,73.4,103.1,.316,.355,.525,48.0,45.5,11.8,11.5,.496,15.8,31.5,.217
20,Austin Peay,27,14,13,.519,-6.28,-7.84,,10,10,,8,5,,4,6,,2007,1890,,69.0,100.4,.327,.371,.561,47.9,45.4,11.2,6.7,.538,20.6,29.7,.221
21,Ball State,23,10,13,.435,-1.26,-0.52,,8,9,,7,4,,3,8,,1719,1736,,72.0,103.7,.357,.379,.523,50.6,47.1,10.0,7.4,.489,14.8,30.5,.245
22,Baylor NCAA,24,22,2,.917,23.32,5.36,,13,1,,11,0,,7,1,,2025,1594,,70.2,94.1,.317,.343,.521,46.8,51.7,8.7,10.0,.491,21.4,31.0,.217
23,Bellarmine,20,13,7,.650,-1.95,-6.22,,10,3,,6,4,,7,2,,1486,1307,,65.1,100.4,.276,.491,.564,48.6,56.3,7.9,7.2,.541,20.9,26.8,.194
24,Belmont,30,26,4,.867,3.90,-8.28,,18,2,,11,1,,10,2,,2439,2074,,71.9,95.8,.247,.364,.512,49.6,49.9,8.7,10.6,.488,17.9,27.5,.168
25,Binghamton,18,4,14,.222,-11.44,-4.56,,4,10,,1,9,,3,5,,1178,1302,,66.2,107.1,.313,.360,.546,49.8,46.6,10.0,7.9,.515,14.3,27.5,.225
26,Boise State,26,18,8,.692,9.58,0.82,,14,6,,11,1,,6,6,,1981,1725,,70.2,94.0,.274,.348,.517,47.7,45.6,7.4,6.4,.483,18.4,23.3,.203
27,Boston College,20,4,16,.200,1.69,9.84,,2,11,,3,5,,0,7,,1427,1590,,71.9,110.0,.291,.360,.578,52.7,50.1,9.4,10.6,.555,16.3,28.6,.207
28,Boston University,18,7,11,.389,1.11,5.67,,6,10,,2,6,,5,5,,1249,1331,,67.8,109.1,.298,.350,.556,48.8,47.7,9.5,7.3,.535,13.4,26.0,.199
29,Bowling Green State,25,14,11,.560,0.88,-1.45,,10,8,,4,7,,10,3,,1963,1886,,72.2,103.5,.296,.391,.542,50.4,49.6,7.3,9.4,.514,16.7,29.5,.209
30,Bradley,28,12,16,.429,0.46,1.31,,6,12,,8,6,,2,9,,1948,1864,,66.4,99.4,.291,.435,.522,47.7,55.0,9.7,5.7,.497,15.8,25.6,.193
31,Brigham Young NCAA,26,20,6,.769,14.53,5.81,,10,3,,11,2,,7,2,,2047,1780,,70.5,95.7,.296,.351,.497,45.2,47.1,8.9,5.4,.466,14.4,22.9,.203
32,Brown,0,0,0,,,,,0,0,,0,0,,0,0,,,,,,,,,,,,,,,,,
33,Bryant,21,15,6,.714,1.00,-5.75,,10,4,,10,1,,5,5,,1761,1571,,76.7,97.6,.266,.386,.495,48.5,52.8,9.4,9.9,.464,15.1,29.7,.188
34,Bucknell,12,5,7,.417,-3.70,-1.29,,4,6,,2,3,,3,4,,899,928,,73.1,105.8,.292,.324,.534,52.4,55.1,9.6,9.1,.496,13.7,28.3,.224
35,Buffalo,24,16,8,.667,7.36,-1.16,,12,5,,8,3,,5,3,,1961,1748,,74.4,96.9,.292,.331,.502,44.7,48.9,8.5,6.4,.460,15.4,26.5,.222
36,Butler,25,10,15,.400,5.73,10.89,,8,12,,8,4,,1,9,,1588,1717,,65.1,103.9,.285,.376,.555,51.2,54.5,7.7,11.0,.530,16.6,25.2,.200
37,Cal Poly,24,4,20,.167,-15.02,-2.97,,1,15,,3,8,,0,11,,1477,1700,,68.5,102.9,.359,.336,.535,53.6,51.8,10.5,9.2,.499,16.2,28.8,.254
38,Cal State Bakersfield,26,15,11,.577,-1.73,-3.98,,11,7,,9,2,,6,8,,1811,1665,,65.7,97.1,.402,.410,.536,43.8,56.3,8.8,6.7,.497,19.2,25.5,.284
39,Cal State Fullerton,16,6,10,.375,-7.88,-4.61,,5,9,,5,4,,1,5,,1232,1257,,72.7,107.3,.273,.345,.567,52.4,57.6,9.3,8.7,.543,16.7,29.0,.193
40,Cal State Northridge,22,9,13,.409,-10.23,-3.51,,5,9,,4,7,,4,4,,1586,1709,,70.9,109.0,.331,.400,.575,53.0,54.7,8.4,6.3,.540,16.4,28.8,.252
41,California Baptist,23,13,10,.565,-6.44,-6.23,,6,6,,11,4,,2,5,,1820,1674,,71.1,101.8,.355,.332,.527,46.9,52.7,8.9,6.7,.499,14.8,25.2,.233
42,UC-Davis,18,10,8,.556,-7.30,-5.71,,7,5,,4,3,,4,3,,1295,1289,,70.7,99.3,.400,.350,.563,51.1,53.1,8.6,8.7,.527,21.1,27.4,.286
43,UC-Irvine,27,18,9,.667,1.92,-2.40,,13,4,,10,1,,6,6,,1950,1712,,69.2,90.8,.276,.400,.485,44.6,55.2,10.1,5.2,.452,16.9,23.6,.194
44,UC-Riverside,22,14,8,.636,2.51,-4.03,,10,5,,5,4,,7,3,,1544,1400,,66.8,94.2,.285,.350,.490,47.5,47.4,7.3,8.1,.458,14.6,23.8,.197
45,UC-San Diego,17,7,10,.412,-8.54,-0.61,,4,10,,7,3,,0,7,,1214,1226,,70.2,102.0,.213,.335,.539,56.2,55.6,9.7,9.1,.517,17.4,29.7,.152
46,UC-Santa Barbara NCAA,26,22,4,.846,5.99,-4.35,,15,3,,11,0,,8,4,,1989,1633,,67.4,92.4,.271,.316,.509,45.8,45.2,6.8,5.6,.473,18.5,22.4,.203
47,University of California,29,9,20,.310,2.46,7.32,,3,17,,6,8,,1,11,,1897,2008,,66.3,104.5,.335,.326,.556,50.6,51.5,9.3,9.0,.525,15.7,24.4,.239
48,Campbell,27,17,10,.630,-6.27,-6.79,,11,6,,9,3,,6,7,,1917,1840,,65.8,102.1,.305,.379,.548,53.8,43.7,8.5,6.7,.517,18.8,30.2,.220
49,Canisius,13,7,6,.538,-7.86,-7.09,,7,5,,3,1,,4,4,,915,925,,71.5,99.5,.316,.311,.538,51.4,44.1,7.5,9.8,.505,18.0,26.8,.228
50,Central Arkansas,24,5,19,.208,-15.03,-2.16,,4,12,,4,5,,1,14,,1701,1933,,74.0,108.8,.292,.384,.556,48.9,57.2,12.6,8.8,.526,14.1,27.6,.214
51,Central Connecticut State,21,5,16,.238,-13.07,-4.21,,5,13,,3,6,,2,9,,1439,1625,,72.0,107.5,.304,.393,.563,55.3,57.3,10.7,8.1,.539,17.4,32.6,.212
52,Central Florida,23,11,12,.478,6.03,8.25,,8,10,,6,3,,4,8,,1546,1597,,68.0,101.6,.336,.384,.525,51.1,56.9,10.1,8.1,.493,16.8,31.5,.232
53,Central Michigan,23,7,16,.304,-11.71,-3.56,,3,13,,5,7,,2,9,,1766,1835,,74.9,106.5,.269,.397,.555,51.7,52.5,8.4,9.1,.524,16.2,30.5,.203
54,Charleston Southern,21,3,18,.143,-16.16,-5.66,,2,15,,1,9,,2,8,,1375,1550,,70.2,104.6,.340,.373,.533,50.5,49.2,12.5,11.7,.508,16.0,30.5,.224
55,Charlotte,25,9,16,.360,-5.34,-2.09,,5,11,,6,7,,3,8,,1587,1668,,64.6,100.8,.235,.386,.541,50.6,53.4,10.5,10.7,.512,16.8,24.4,.180
56,Chattanooga,26,18,8,.692,-1.11,-2.48,,9,7,,9,3,,9,4,,1888,1801,,68.6,99.9,.232,.356,.537,50.7,49.1,7.5,10.7,.515,17.0,24.5,.164
57,Chicago State,9,0,9,.000,-31.33,1.90,,0,0,,0,0,,0,7,,499,798,,71.2,124.5,.328,.367,.619,62.0,59.0,9.0,8.8,.601,13.9,37.9,.228
58,Cincinnati,23,12,11,.522,4.22,7.44,,8,6,,5,5,,5,5,,1585,1659,,71.3,101.2,.378,.351,.541,48.9,56.2,9.6,10.3,.496,16.6,25.3,.285
59,Citadel,25,13,12,.520,-5.58,-0.96,,5,11,,11,3,,1,8,,2019,1959,,74.9,104.6,.268,.346,.534,49.7,44.6,9.3,8.7,.501,13.3,25.0,.203
60,Clemson NCAA,23,16,7,.696,13.50,10.20,,10,6,,11,1,,2,5,,1502,1426,,64.9,95.1,.296,.404,.518,49.8,51.0,10.1,9.7,.488,19.1,26.6,.206
61,Cleveland State NCAA,26,19,7,.731,-4.17,-5.05,,16,4,,9,2,,8,5,,1858,1835,,67.6,101.9,.372,.424,.530,50.2,53.1,9.2,7.1,.488,17.4,31.8,.271
62,Coastal Carolina,23,16,7,.696,-2.15,-8.15,,9,5,,12,1,,3,5,,1836,1535,,71.8,92.4,.289,.459,.484,43.3,54.5,10.8,6.0,.454,16.9,26.5,.194
63,Colgate NCAA,15,14,1,.933,19.16,1.43,,11,1,,8,1,,6,0,,1295,1029,,72.2,94.2,.250,.370,.484,46.7,42.8,6.9,6.9,.456,14.5,25.4,.169
64,College of Charleston,19,9,10,.474,-4.10,-2.28,,6,4,,8,6,,1,3,,1341,1329,,64.7,105.3,.329,.398,.550,50.6,51.8,7.2,8.9,.517,15.5,25.8,.238
65,Colorado State,24,18,6,.750,8.56,-0.49,,14,4,,10,1,,6,4,,1791,1571,,69.4,94.3,.277,.442,.499,48.4,53.6,9.0,10.6,.476,17.3,26.1,.178
66,Colorado NCAA,30,22,8,.733,16.74,6.98,,14,6,,11,1,,6,6,,2191,1898,,66.3,95.5,.280,.348,.510,46.8,48.0,6.9,7.9,.477,17.4,25.6,.204
67,Columbia,0,0,0,,,,,0,0,,0,0,,0,0,,,,,,,,,,,,,,,,,
68,Connecticut NCAA,22,15,7,.682,17.12,9.21,,11,6,,7,3,,6,3,,1596,1422,,66.6,96.5,.369,.330,.504,46.6,46.5,8.2,6.7,.462,17.0,29.5,.261
69,Coppin State,22,9,13,.409,-11.28,-4.97,,8,4,,5,3,,4,9,,1602,1741,,79.3,99.7,.270,.408,.512,56.3,48.8,9.1,9.5,.479,17.4,32.5,.198
70,Cornell,0,0,0,,,,,0,0,,0,0,,0,0,,,,,,,,,,,,,,,,,
71,Creighton NCAA,28,20,8,.714,17.59,8.91,,14,6,,11,3,,7,4,,2155,1912,,69.5,97.4,.257,.390,.499,50.3,51.3,8.2,8.7,.469,15.4,28.2,.181
72,Dartmouth,0,0,0,,,,,0,0,,0,0,,0,0,,,,,,,,,,,,,,,,,
73,Davidson,21,13,8,.619,10.67,4.07,,7,4,,7,4,,4,2,,1518,1336,,63.7,99.3,.289,.412,.522,46.2,47.9,7.4,8.3,.488,14.7,21.7,.211
74,Dayton,23,14,9,.609,7.46,4.94,,9,7,,8,3,,4,6,,1614,1556,,66.4,99.2,.267,.377,.505,49.5,49.7,8.2,9.8,.483,15.1,28.4,.171
75,Delaware State,19,3,16,.158,-23.00,-5.23,,1,11,,3,6,,0,10,,1345,1629,,77.1,110.4,.430,.382,.572,53.5,54.2,10.9,11.1,.536,16.4,32.0,.304
76,Delaware,15,7,8,.467,-4.23,-4.09,,5,4,,6,3,,1,4,,1013,1012,,67.8,99.5,.307,.343,.516,48.4,44.3,9.5,8.3,.481,14.9,25.9,.221
77,Denver,21,2,19,.095,-17.24,-6.64,,1,13,,2,10,,0,9,,1466,1662,,71.4,109.6,.408,.386,.593,53.2,42.3,9.0,9.1,.551,16.9,26.3,.314
78,DePaul,19,5,14,.263,3.62,9.78,,2,13,,2,8,,2,5,,1250,1367,,70.6,100.5,.353,.406,.519,49.9,55.7,10.2,9.1,.480,17.2,31.6,.254
79,Detroit Mercy,22,12,10,.545,-2.84,-5.39,,10,6,,7,5,,5,5,,1683,1627,,68.2,107.8,.224,.425,.561,50.9,62.1,8.0,8.3,.541,16.1,28.9,.159
80,Dixie State,21,8,13,.381,-14.99,-4.42,,4,10,,5,7,,3,6,,1461,1603,,74.0,103.1,.349,.363,.535,53.0,53.2,10.0,9.3,.508,17.0,31.3,.232
81,Drake NCAA,29,25,4,.862,9.53,-1.65,,15,3,,14,1,,9,2,,2245,1875,,66.8,96.0,.286,.363,.515,46.2,45.6,8.2,6.9,.479,17.1,24.9,.210
82,Drexel NCAA,19,12,7,.632,0.26,-4.37,,4,5,,3,2,,4,5,,1358,1270,,65.9,101.4,.272,.344,.530,46.3,41.7,9.4,9.0,.496,14.6,24.3,.205
83,Duke,24,13,11,.542,14.04,9.33,,9,9,,8,5,,3,6,,1824,1711,,69.1,102.1,.319,.322,.543,48.7,48.8,9.1,10.2,.513,17.4,28.9,.225
84,Duquesne,18,9,9,.500,3.47,3.64,,7,7,,5,2,,2,5,,1205,1208,,68.4,98.2,.355,.391,.511,49.8,56.9,9.9,8.5,.473,16.9,30.1,.249
85,East Carolina,19,8,11,.421,1.13,3.97,,2,10,,7,6,,1,4,,1269,1291,,68.9,98.0,.376,.425,.531,51.0,56.1,9.6,8.3,.492,18.5,27.3,.267
86,East Tennessee State,25,13,12,.520,2.07,0.73,,8,7,,8,4,,3,5,,1736,1654,,67.6,97.4,.313,.450,.525,47.8,56.0,9.5,9.2,.495,17.9,25.7,.217
87,Eastern Illinois,27,9,18,.333,-12.26,-6.75,,6,14,,5,7,,4,11,,1874,2023,,70.2,105.3,.310,.373,.551,51.1,55.4,10.4,7.6,.519,16.4,29.5,.226
88,Eastern Kentucky,29,22,7,.759,-2.22,-7.77,,15,5,,10,2,,9,4,,2372,2137,,76.1,95.1,.315,.357,.536,52.5,57.4,8.0,6.9,.502,21.8,29.6,.228
89,Eastern Michigan,18,6,12,.333,-13.50,-0.50,,3,11,,5,4,,1,8,,1267,1362,,71.4,106.0,.254,.430,.575,53.3,63.2,8.4,6.2,.559,19.0,29.3,.171
90,Eastern Washington NCAA,23,16,7,.696,2.42,-5.49,,12,3,,7,2,,6,5,,1795,1597,,71.7,96.9,.273,.354,.502,49.3,44.3,7.9,6.1,.469,14.6,25.6,.197
91,Elon,19,10,9,.526,-4.47,-3.58,,4,7,,4,2,,3,6,,1249,1235,,66.8,97.3,.408,.411,.525,49.3,43.9,9.4,10.1,.493,16.7,21.9,.268
92,Evansville,25,9,16,.360,-4.71,0.13,,7,11,,8,4,,1,10,,1619,1740,,62.4,110.0,.343,.292,.596,54.4,43.4,8.2,8.5,.574,16.5,24.1,.239
93,Fairfield,27,10,17,.370,-10.71,-5.82,,7,11,,4,8,,3,8,,1668,1800,,65.2,101.2,.307,.334,.518,49.4,49.8,9.3,10.0,.491,14.3,26.6,.204
94,Fairleigh Dickinson,24,9,15,.375,-8.39,-4.68,,8,10,,4,6,,5,9,,1801,1890,,71.9,108.3,.339,.385,.557,52.2,58.4,9.6,8.7,.530,16.6,33.1,.234
95,Florida A&M,20,8,12,.400,-11.95,-9.15,,7,5,,4,1,,4,10,,1314,1370,,70.9,96.6,.339,.363,.508,50.1,48.2,10.4,6.4,.479,18.4,31.8,.222
96,Florida Atlantic,23,13,10,.565,-1.85,-4.74,,7,5,,7,1,,4,7,,1796,1537,,70.7,94.1,.347,.365,.512,44.6,44.8,7.6,7.3,.476,17.9,23.1,.241
97,Florida Gulf Coast,18,10,8,.556,-9.45,-6.95,,4,4,,7,4,,2,2,,1292,1242,,72.5,95.2,.255,.374,.506,49.1,46.2,9.8,10.0,.479,17.5,27.9,.175
98,Florida International,26,9,17,.346,-10.96,-3.01,,2,15,,7,8,,2,9,,1914,1985,,72.8,103.4,.329,.317,.559,54.0,46.2,9.5,9.1,.529,19.5,32.4,.235
99,Florida State NCAA,22,16,6,.727,17.98,9.39,,11,4,,12,1,,3,4,,1736,1547,,70.3,98.8,.363,.400,.511,46.8,49.4,10.1,7.5,.465,16.8,31.4,.269
100,Florida NCAA,23,14,9,.609,14.91,10.78,,9,7,,6,3,,5,5,,1701,1606,,70.8,98.7,.348,.353,.513,49.2,51.8,10.5,9.4,.475,17.6,31.4,.245
101,Fordham,14,2,12,.143,-10.44,4.34,,2,11,,2,5,,0,6,,725,932,,64.2,103.7,.278,.478,.540,56.5,65.4,10.6,8.8,.515,16.7,30.4,.191
102,Fresno State,24,12,12,.500,-3.52,0.11,,9,11,,7,5,,4,6,,1591,1618,,66.9,100.2,.322,.383,.536,47.6,46.6,9.9,9.6,.500,17.2,25.3,.236
103,Furman,25,16,9,.640,6.49,-1.19,,10,5,,11,1,,5,7,,1990,1723,,70.9,96.8,.294,.388,.525,48.4,51.3,10.1,8.7,.504,18.4,25.8,.189
104,Gardner-Webb,26,11,15,.423,-3.28,-5.55,,10,10,,7,4,,4,11,,1837,1778,,67.0,102.1,.365,.407,.528,50.5,55.9,8.2,10.0,.486,15.9,28.1,.267
105,George Mason,22,13,9,.591,3.01,1.58,,8,6,,7,3,,3,4,,1569,1538,,69.2,98.2,.282,.358,.532,48.1,44.3,9.2,6.6,.501,17.7,24.3,.204
106,George Washington,17,5,12,.294,-4.56,-0.38,,3,5,,3,6,,1,5,,1158,1229,,68.9,104.2,.250,.365,.531,50.7,54.4,10.3,10.1,.510,14.6,28.5,.168
107,Georgetown NCAA,25,13,12,.520,11.73,11.05,,7,9,,7,6,,2,6,,1784,1767,,70.2,100.2,.259,.397,.507,46.6,56.3,11.0,7.8,.480,14.1,27.3,.178
108,Georgia Southern,26,13,13,.500,-9.73,-5.77,,7,9,,9,4,,4,8,,1860,1762,,68.4,96.3,.305,.391,.524,48.1,44.1,10.2,7.8,.492,19.6,28.2,.216
109,Georgia State,22,16,6,.727,-1.21,-4.11,,8,4,,9,1,,5,4,,1767,1599,,71.2,99.9,.327,.408,.516,49.6,48.4,8.6,7.1,.482,17.3,31.5,.228
110,Georgia Tech NCAA,25,17,8,.680,14.07,8.55,,11,6,,11,3,,4,5,,1888,1750,,68.2,100.1,.289,.347,.549,52.8,54.4,7.8,7.9,.522,19.9,29.7,.204
111,Georgia,26,14,12,.538,7.04,8.44,,7,11,,12,5,,2,6,,2014,2027,,75.8,102.4,.310,.374,.549,49.2,48.2,11.3,10.6,.521,18.9,31.4,.218
112,Gonzaga NCAA,26,26,0,1.000,26.38,3.38,,15,0,,12,0,,7,0,,2395,1797,,75.3,91.8,.259,.345,.504,44.7,44.8,8.0,6.9,.475,18.2,23.4,.182
113,Grambling,24,12,12,.500,-14.78,-13.00,,9,6,,6,4,,5,7,,1617,1649,,72.1,94.8,.378,.381,.500,51.5,62.4,10.6,11.6,.464,17.9,30.4,.252
114,Grand Canyon NCAA,23,17,6,.739,3.81,-5.79,,9,3,,10,3,,5,1,,1738,1405,,68.3,89.4,.286,.420,.474,43.0,45.5,8.4,5.3,.437,15.5,21.7,.201
115,Green Bay,25,8,17,.320,-9.38,-4.46,,8,12,,6,6,,2,11,,1790,1913,,67.7,109.8,.319,.343,.566,52.4,44.9,8.1,6.7,.535,14.8,29.0,.232
116,Hampton,25,11,14,.440,-13.02,-8.62,,9,9,,5,7,,6,7,,1721,1831,,70.1,104.5,.354,.378,.527,54.0,49.9,9.2,7.7,.492,15.3,31.7,.247
117,Hartford NCAA,23,15,8,.652,-2.76,-5.36,,8,6,,10,1,,5,6,,1515,1455,,66.5,95.1,.250,.407,.500,51.1,48.3,8.0,10.7,.476,17.7,28.6,.167
118,Harvard,0,0,0,,,,,0,0,,0,0,,0,0,,,,,,,,,,,,,,,,,
119,Hawaii,21,11,10,.524,-4.52,-4.26,,9,9,,7,5,,4,4,,1503,1452,,68.4,99.3,.280,.303,.525,47.3,40.7,10.1,7.7,.493,15.5,24.5,.204
120,High Point,24,9,15,.375,-10.16,-6.95,,6,11,,5,5,,4,10,,1600,1677,,67.4,103.1,.341,.449,.550,49.0,58.2,9.2,10.6,.524,17.7,28.2,.232
121,Hofstra,23,13,10,.565,-1.80,-1.98,,8,6,,7,3,,5,6,,1683,1679,,68.9,105.4,.258,.381,.541,50.0,60.4,8.5,8.8,.511,15.1,28.9,.192
122,Holy Cross,16,5,11,.313,-0.17,5.27,,5,11,,2,7,,3,4,,1130,1217,,69.9,108.0,.352,.331,.558,52.9,48.6,9.8,8.0,.526,16.2,31.5,.252
123,Houston Baptist,25,6,19,.240,-16.93,-5.93,,4,11,,4,6,,1,12,,1776,2007,,74.2,107.6,.282,.385,.563,52.9,52.8,12.0,8.8,.537,16.6,31.2,.203
124,Houston NCAA,27,24,3,.889,22.16,4.16,,14,3,,15,0,,5,3,,2096,1562,,66.6,86.8,.415,.380,.467,43.8,52.0,7.5,7.0,.423,19.1,27.5,.274
125,Howard,5,1,4,.200,-13.77,-2.02,,0,0,,1,1,,0,0,,363,424,,73.1,115.8,.303,.411,.556,52.8,62.8,11.2,9.4,.542,10.4,30.6,.189
126,Idaho State,24,13,11,.542,-9.83,-7.14,,8,6,,8,3,,5,5,,1637,1481,,66.4,92.0,.330,.315,.494,45.3,44.7,10.7,5.9,.458,17.2,24.7,.226
127,Idaho,22,1,21,.045,-19.82,-4.41,,1,17,,1,9,,0,11,,1343,1682,,67.4,112.1,.358,.367,.578,53.4,48.6,13.1,8.6,.543,15.0,29.7,.267
128,Illinois-Chicago,22,9,13,.409,-11.38,-6.75,,6,10,,7,4,,2,9,,1489,1591,,69.6,102.7,.339,.267,.514,51.6,44.5,9.1,7.3,.480,12.4,27.3,.233
129,Illinois State,25,7,18,.280,-5.23,0.60,,4,14,,3,8,,3,9,,1799,1870,,70.7,104.2,.257,.415,.539,50.5,57.5,9.8,6.8,.512,14.7,26.1,.186
130,Illinois NCAA,29,23,6,.793,24.82,12.65,,16,4,,11,2,,9,3,,2361,2008,,71.5,95.6,.305,.330,.498,42.9,44.3,9.2,9.5,.466,14.3,22.2,.209
131,Incarnate Word,22,8,14,.364,-16.08,-8.50,,5,9,,5,7,,3,6,,1495,1578,,68.2,104.6,.324,.327,.541,52.9,53.4,9.7,9.2,.513,16.2,30.6,.222
132,Indiana State,25,15,10,.600,2.24,2.11,,11,7,,9,3,,5,6,,1662,1645,,66.8,98.6,.273,.380,.540,51.1,54.7,7.7,7.4,.515,19.4,26.5,.191
133,Indiana,27,12,15,.444,13.83,13.50,,7,12,,6,6,,3,7,,1882,1873,,67.1,100.1,.335,.376,.525,51.0,48.7,8.5,9.6,.488,15.6,27.3,.240
134,Iona NCAA,17,12,5,.706,-0.86,-7.15,,6,3,,4,2,,4,3,,1228,1121,,69.9,94.4,.463,.379,.505,45.6,54.3,10.5,7.3,.456,17.3,26.1,.320
135,Iowa State,24,2,22,.083,-0.53,10.60,,0,18,,2,10,,0,11,,1574,1841,,70.5,108.8,.362,.342,.558,54.6,48.8,11.5,9.0,.520,15.9,33.1,.268
136,Iowa NCAA,29,21,8,.724,23.19,11.36,,14,6,,14,2,,6,4,,2429,2086,,70.9,101.0,.226,.396,.505,48.0,59.8,7.5,8.0,.483,14.0,28.7,.153
137,Purdue-Fort Wayne,23,8,15,.348,-11.39,-7.87,,6,14,,5,6,,3,9,,1728,1809,,69.4,109.1,.304,.393,.558,50.7,50.0,10.8,7.2,.525,14.8,30.8,.227
138,IUPUI,18,8,10,.444,-10.89,-6.28,,7,9,,4,5,,4,5,,1281,1364,,72.7,104.3,.351,.347,.563,51.4,47.1,9.3,5.8,.527,16.9,25.3,.258
139,Jackson State,18,12,6,.667,-11.54,-14.32,,11,0,,6,0,,5,5,,1181,1131,,70.5,87.9,.411,.283,.484,48.8,45.2,9.2,8.2,.437,19.5,26.5,.283
140,Jacksonville State,27,18,9,.667,-2.60,-5.64,,13,6,,8,3,,7,5,,2005,1851,,68.0,99.5,.251,.418,.504,46.6,52.2,8.9,7.6,.479,14.3,27.7,.169
141,Jacksonville,24,11,13,.458,-10.94,-6.53,,5,9,,7,5,,4,8,,1622,1668,,69.5,99.4,.264,.394,.529,52.0,50.7,9.1,7.7,.504,18.2,28.9,.183
142,James Madison,20,13,7,.650,0.76,-2.30,,8,2,,10,3,,3,3,,1562,1409,,72.4,97.3,.321,.464,.525,49.8,55.2,8.2,9.0,.485,19.3,28.7,.239
143,Kansas State,29,9,20,.310,0.80,9.09,,4,14,,6,12,,2,7,,1792,2037,,66.5,105.5,.315,.406,.566,50.1,54.4,11.8,9.7,.534,17.7,28.0,.233
144,Kansas NCAA,28,20,8,.714,16.60,10.27,,12,6,,14,1,,4,6,,2047,1841,,69.5,94.2,.264,.377,.500,47.5,47.4,9.0,7.6,.468,17.5,26.5,.190
145,Kennesaw State,24,5,19,.208,-13.92,-3.44,,1,13,,4,9,,0,9,,1571,1672,,69.7,99.9,.328,.334,.539,50.0,41.3,9.9,7.0,.505,16.5,23.6,.237
146,Kent State,23,15,8,.652,2.48,-1.16,,12,6,,9,2,,6,5,,1764,1635,,70.9,99.8,.282,.397,.521,46.3,50.3,9.4,6.9,.491,16.0,27.8,.199
147,Kentucky,25,9,16,.360,12.44,12.16,,8,9,,5,6,,4,7,,1761,1754,,70.0,99.3,.297,.345,.505,48.8,48.9,8.7,9.1,.467,15.4,30.5,.220
148,La Salle,25,9,16,.360,-2.26,4.15,,6,11,,6,3,,3,11,,1702,1838,,69.7,105.0,.354,.377,.555,51.5,56.9,10.3,8.3,.517,17.1,29.0,.263
149,Lafayette,15,9,6,.600,-1.24,-2.24,,9,5,,6,3,,3,3,,1165,1150,,70.2,105.7,.337,.301,.539,52.7,47.9,7.0,7.9,.509,14.0,28.5,.233
150,Lamar,28,10,18,.357,-13.24,-6.70,,7,10,,5,5,,3,11,,1843,2026,,69.8,102.7,.275,.355,.545,51.6,56.2,9.9,7.9,.523,17.5,28.7,.186
151,Lehigh,15,4,11,.267,-8.71,-0.45,,4,10,,1,5,,3,6,,1025,1149,,71.3,106.5,.328,.345,.566,50.6,51.5,9.8,7.3,.532,15.2,23.8,.243
152,Liberty NCAA,28,23,5,.821,4.31,-6.69,,11,2,,13,0,,5,3,,2097,1670,,64.5,92.4,.272,.361,.496,47.0,42.4,8.1,7.1,.466,16.3,20.9,.188
153,Lipscomb,27,15,12,.556,-6.91,-5.48,,9,6,,10,4,,4,7,,1922,1848,,68.4,99.7,.212,.427,.523,50.4,49.4,8.6,8.9,.501,16.4,26.5,.149
154,Cal State Long Beach,18,6,12,.333,-9.93,-4.27,,4,8,,4,3,,1,8,,1328,1430,,74.2,104.2,.350,.379,.530,53.1,49.7,9.8,7.4,.495,15.2,31.5,.246
155,Long Island University,18,9,9,.500,-5.73,-6.79,,9,9,,6,3,,3,6,,1332,1313,,74.5,97.9,.284,.351,.528,48.9,52.2,8.9,7.6,.499,18.4,28.5,.201
156,Longwood,28,12,16,.429,-7.32,-6.25,,10,10,,8,5,,4,11,,1854,1886,,66.2,101.7,.334,.449,.551,49.9,48.8,9.5,9.9,.518,18.3,26.7,.240
157,Louisiana,26,17,9,.654,-4.88,-5.55,,10,7,,10,3,,6,4,,1934,1892,,72.1,99.9,.294,.314,.514,46.5,52.8,9.4,7.6,.476,14.6,27.3,.220
158,Louisiana-Monroe,26,7,19,.269,-10.63,-5.94,,5,13,,5,8,,2,10,,1670,1792,,67.7,101.4,.340,.365,.539,55.1,52.4,9.6,8.5,.504,18.4,31.9,.244
159,Louisiana State NCAA,27,18,9,.667,15.68,8.90,,11,6,,11,2,,4,6,,2217,2034,,72.8,103.0,.291,.443,.517,49.9,50.8,8.3,9.1,.485,15.6,32.8,.206
160,Louisiana Tech,28,21,7,.750,6.50,-1.50,,12,4,,15,1,,5,5,,2059,1810,,70.8,91.3,.262,.384,.488,47.2,49.1,8.7,8.4,.455,16.8,23.8,.187
161,Louisville,20,13,7,.650,11.20,9.75,,8,5,,9,2,,4,4,,1359,1330,,66.0,100.1,.298,.406,.511,46.7,49.8,8.8,9.0,.484,14.5,26.2,.197
162,Loyola (IL) NCAA,28,24,4,.857,14.60,-0.09,,16,2,,13,0,,8,3,,2002,1555,,63.9,86.2,.220,.336,.487,45.9,44.5,7.9,8.2,.461,19.6,20.4,.154
163,Loyola Marymount,22,13,9,.591,4.53,3.03,,7,5,,8,3,,4,5,,1529,1496,,67.8,99.7,.348,.366,.544,43.7,54.6,10.0,9.8,.508,15.8,20.4,.250
164,Loyola (MD),17,6,11,.353,1.74,0.56,,4,10,,3,4,,3,7,,1226,1206,,68.4,99.3,.334,.370,.530,47.3,51.3,11.3,7.4,.493,17.1,25.6,.243
165,Maine,9,2,7,.222,-14.86,-3.42,,2,6,,1,1,,1,6,,478,581,,65.4,98.6,.310,.390,.520,53.2,51.4,12.6,7.6,.488,17.9,30.3,.218
166,Manhattan,20,7,13,.350,-11.49,-7.64,,6,12,,4,6,,3,6,,1268,1345,,67.6,96.6,.468,.330,.527,50.5,55.5,8.7,11.2,.479,19.6,29.5,.330
167,Marist,21,12,9,.571,-8.25,-8.06,,10,8,,6,3,,6,5,,1332,1336,,66.7,94.2,.322,.425,.494,49.7,54.3,10.0,9.0,.457,15.9,25.4,.223
168,Marquette,27,13,14,.481,9.27,9.34,,8,11,,7,7,,6,6,,1883,1885,,68.4,101.7,.300,.370,.513,48.3,54.4,10.6,9.3,.477,13.8,28.3,.218
169,Marshall,22,15,7,.682,6.00,-1.37,,9,5,,9,3,,6,3,,1758,1596,,73.1,98.7,.275,.361,.523,51.3,44.8,9.5,7.4,.499,17.4,28.2,.183
170,Maryland-Baltimore County,20,14,6,.700,-0.12,-4.77,,10,4,,5,4,,9,2,,1391,1298,,68.7,94.5,.256,.411,.496,48.2,45.8,7.8,8.1,.464,15.8,24.3,.183
171,Maryland-Eastern Shore,0,0,0,,,,,0,0,,0,0,,0,0,,,,,,,,,,,,,,,,,
172,Maryland NCAA,29,16,13,.552,15.32,12.85,,9,11,,11,6,,4,6,,1995,1884,,66.2,98.2,.259,.417,.510,50.2,51.9,8.7,8.6,.480,14.8,24.1,.185
173,Massachusetts-Lowell,23,11,12,.478,-5.30,-2.87,,7,8,,3,4,,6,6,,1575,1631,,69.3,102.4,.395,.363,.527,48.9,42.1,8.9,7.6,.484,14.4,26.6,.283
174,Massachusetts,15,8,7,.533,5.98,2.25,,6,4,,4,3,,3,3,,1151,1095,,72.3,98.5,.334,.302,.537,51.8,57.1,9.4,10.3,.509,17.8,25.6,.226
175,McNeese State,24,10,14,.417,-18.50,-11.61,,4,11,,7,5,,3,8,,1927,1722,,73.3,97.8,.282,.361,.534,46.4,53.2,10.3,9.0,.511,18.5,25.5,.188
176,Memphis,24,16,8,.667,12.77,3.56,,11,4,,10,1,,4,3,,1730,1509,,72.7,86.5,.361,.387,.480,45.4,51.2,8.5,8.3,.439,19.9,24.9,.247
177,Mercer,29,18,11,.621,1.78,-1.11,,8,9,,9,4,,6,6,,2225,2082,,70.1,100.7,.259,.385,.525,48.0,45.3,8.8,6.9,.499,15.0,24.6,.183
178,Merrimack,18,9,9,.500,-7.03,-6.64,,9,9,,6,3,,3,6,,1193,1200,,68.0,97.4,.330,.335,.515,54.7,57.9,9.8,7.2,.480,18.8,31.6,.232
179,Miami (FL),27,10,17,.370,4.13,8.65,,4,15,,7,8,,1,8,,1794,1916,,68.0,103.8,.198,.407,.544,49.8,55.5,10.2,11.0,.525,15.8,26.3,.139
180,Miami (OH),23,12,11,.522,-2.06,-2.11,,9,8,,7,4,,5,6,,1663,1647,,67.4,105.6,.270,.412,.547,50.4,52.8,8.0,10.3,.521,15.8,28.4,.191
181,Michigan State NCAA,27,15,12,.556,10.99,12.51,,9,11,,12,3,,3,8,,1864,1905,,69.1,102.1,.372,.340,.520,47.7,54.1,9.6,8.0,.478,13.5,26.1,.266
182,Michigan NCAA,24,20,4,.833,23.33,12.45,,14,3,,13,1,,6,2,,1830,1569,,67.6,96.3,.245,.327,.484,45.5,42.5,7.1,7.0,.449,13.2,24.8,.183
183,Middle Tennessee,23,5,18,.217,-10.53,-0.53,,3,13,,5,6,,0,9,,1426,1627,,69.8,101.2,.292,.338,.552,51.8,49.0,10.8,9.6,.526,17.9,25.4,.206
184,Milwaukee,22,10,12,.455,-6.95,-6.23,,7,10,,4,5,,6,6,,1662,1678,,71.1,104.9,.350,.394,.559,51.9,55.5,7.1,7.2,.526,16.5,26.6,.250
185,Minnesota,29,14,15,.483,12.04,12.73,,6,14,,13,4,,0,10,,2103,2123,,70.7,102.2,.343,.317,.530,52.0,56.8,7.5,7.3,.497,16.4,31.4,.239
186,Mississippi State,29,15,14,.517,8.97,6.73,,8,10,,9,6,,5,4,,1997,1932,,67.0,97.7,.241,.412,.504,45.0,58.3,10.0,8.9,.470,15.3,27.6,.184
187,Mississippi Valley State,24,2,22,.083,-38.54,-8.00,,2,13,,1,5,,1,16,,1364,2097,,73.9,118.3,.325,.363,.570,59.2,57.1,12.5,9.6,.549,12.5,35.7,.219
188,Mississippi,27,16,11,.593,12.04,6.34,,10,8,,10,4,,5,6,,1866,1712,,67.2,93.9,.330,.367,.518,46.6,58.4,9.8,8.1,.486,20.0,27.2,.226
189,Missouri-Kansas City,24,11,13,.458,-5.41,-3.16,,7,7,,8,3,,2,8,,1683,1502,,66.5,94.1,.516,.374,.539,49.7,53.5,8.0,8.4,.494,21.4,24.0,.356
190,Missouri State,24,17,7,.708,5.23,0.05,,12,6,,9,4,,7,2,,1762,1594,,68.7,96.7,.275,.355,.497,46.4,43.0,8.2,7.3,.468,13.3,22.1,.189
191,Missouri NCAA,25,16,9,.640,12.75,11.03,,8,8,,8,4,,6,4,,1841,1798,,70.5,101.0,.364,.329,.524,49.8,44.7,8.8,11.2,.485,16.0,29.2,.258
192,Monmouth,20,12,8,.600,-5.17,-6.92,,12,6,,7,2,,5,5,,1521,1486,,74.5,98.0,.384,.403,.524,51.4,55.6,8.6,10.6,.486,18.3,28.5,.266
193,Montana State,23,13,10,.565,-7.00,-6.00,,8,6,,5,3,,6,6,,1703,1655,,70.0,101.2,.375,.386,.544,49.3,44.4,8.3,7.6,.495,17.0,25.0,.290
194,Montana,28,15,13,.536,-5.15,-3.06,,7,9,,8,4,,5,8,,1981,1876,,68.0,97.3,.365,.334,.514,49.8,48.6,8.6,7.1,.481,16.1,26.1,.244
195,Morehead State NCAA,30,23,7,.767,-0.42,-4.53,,17,3,,12,1,,8,5,,2065,1902,,67.2,93.6,.231,.415,.492,45.2,49.7,11.4,9.0,.468,16.0,24.4,.156
196,Morgan State,22,14,8,.636,-5.42,-10.11,,7,5,,5,5,,7,2,,1755,1606,,75.9,96.2,.421,.412,.530,47.6,50.1,9.6,8.8,.485,20.4,29.2,.302
197,Mount St. Mary's NCAA,22,12,10,.545,-3.34,-4.75,,9,7,,6,3,,6,6,,1402,1371,,63.9,96.5,.246,.328,.494,46.1,41.3,10.5,8.3,.455,14.3,24.5,.193
198,Murray State,26,13,13,.500,-2.46,-7.79,,10,10,,9,4,,4,8,,1986,1739,,69.4,96.0,.301,.409,.515,47.0,47.1,7.5,10.8,.485,17.1,24.5,.207
199,Navy,18,15,3,.833,4.53,0.03,,12,1,,8,2,,6,1,,1287,1206,,67.2,98.3,.325,.388,.550,47.4,53.7,9.0,9.1,.524,20.0,25.0,.221
200,Omaha,25,5,20,.200,-13.18,-2.54,,3,11,,1,5,,3,12,,1683,1949,,72.2,108.0,.311,.363,.566,52.5,49.6,8.8,6.4,.535,15.0,26.6,.229
201,Nebraska,27,7,20,.259,7.08,13.27,,3,16,,6,9,,1,10,,1889,2004,,73.0,101.3,.282,.457,.524,52.3,54.6,9.3,10.7,.493,15.7,28.3,.203
202,Nevada-Las Vegas,27,12,15,.444,-1.36,1.12,,8,10,,8,4,,3,7,,1875,1822,,66.8,100.9,.331,.433,.536,47.3,59.7,7.5,8.8,.499,16.0,24.3,.241
203,Nevada,26,16,10,.615,5.26,1.98,,8,7,,10,2,,2,7,,1916,1812,,70.1,99.4,.402,.441,.525,49.2,60.1,9.3,7.5,.482,15.8,24.4,.287
204,New Hampshire,19,10,9,.526,-7.32,-5.82,,9,6,,5,6,,5,3,,1278,1266,,67.7,97.8,.382,.351,.530,48.5,41.9,7.8,9.5,.490,16.6,21.7,.273
205,New Mexico State,20,12,8,.600,-2.30,-6.18,,7,6,,4,2,,5,5,,1422,1283,,66.5,96.5,.341,.364,.525,45.8,51.1,7.1,7.0,.489,17.4,24.0,.243
206,New Mexico,22,6,16,.273,-12.44,-1.79,,1,8,,0,0,,3,8,,1436,1578,,69.2,102.5,.330,.421,.544,47.9,57.3,11.5,7.3,.516,17.1,28.0,.226
207,New Orleans,25,10,15,.400,-11.07,-9.90,,8,7,,6,3,,2,10,,1899,1910,,74.4,101.6,.370,.330,.538,50.2,49.0,11.1,8.9,.505,18.1,31.6,.253
208,Niagara,20,9,11,.450,-6.83,-6.28,,7,9,,5,3,,3,7,,1293,1304,,65.6,99.3,.325,.414,.529,53.4,60.9,7.1,9.4,.495,17.6,28.4,.232
209,Nicholls State,25,18,7,.720,-5.66,-9.16,,14,2,,8,1,,7,5,,1960,1831,,74.4,97.5,.341,.358,.524,49.8,49.2,7.7,6.7,.490,18.4,27.8,.238
210,NJIT,19,7,12,.368,-8.98,-4.93,,6,10,,3,5,,4,6,,1256,1333,,68.1,101.7,.294,.360,.549,54.3,48.8,6.7,9.3,.523,18.4,29.0,.205
211,Norfolk State NCAA,23,16,7,.696,-4.82,-9.39,,8,4,,7,4,,6,3,,1730,1591,,72.0,95.6,.407,.447,.514,49.4,54.1,7.6,9.3,.474,18.8,28.4,.279
212,North Alabama,24,13,11,.542,-9.85,-6.10,,7,8,,8,4,,3,6,,1756,1666,,71.3,96.4,.329,.423,.523,47.3,43.8,8.1,7.9,.491,17.6,23.4,.227
213,North Carolina-Asheville,20,10,10,.500,-6.42,-7.02,,9,5,,6,4,,4,6,,1468,1456,,69.9,102.2,.323,.310,.530,52.8,44.8,9.2,11.6,.497,16.9,33.2,.227
214,North Carolina A&T,21,11,10,.524,-13.84,-7.63,,7,1,,5,4,,5,6,,1517,1523,,74.3,97.0,.298,.386,.528,53.6,60.0,7.8,10.0,.502,21.4,33.5,.200
215,North Carolina Central,14,5,9,.357,-15.34,-8.11,,3,5,,4,2,,0,6,,942,1003,,69.7,101.9,.388,.357,.549,53.3,58.1,9.2,9.0,.510,19.1,31.4,.281
216,North Carolina-Greensboro NCAA,29,21,8,.724,3.91,-2.26,,13,5,,7,3,,10,3,,2135,1956,,70.5,95.2,.364,.421,.520,48.0,49.5,7.0,6.6,.481,18.6,25.3,.257
217,North Carolina State,23,13,10,.565,10.18,7.22,,9,8,,7,4,,5,5,,1684,1616,,68.5,102.0,.292,.345,.544,51.3,50.4,9.0,9.6,.515,19.1,32.5,.210
218,North Carolina-Wilmington,17,7,10,.412,-6.04,-5.66,,1,6,,3,4,,3,4,,1297,1253,,70.7,103.6,.314,.296,.552,52.5,41.0,7.4,8.3,.516,17.4,30.3,.237
219,North Carolina NCAA,28,18,10,.643,16.30,10.01,,10,6,,10,1,,3,7,,2119,1943,,71.9,96.5,.271,.381,.514,42.9,51.3,12.0,9.9,.487,17.1,26.3,.188
220,North Dakota State,27,15,12,.556,-1.20,-3.27,,11,5,,6,2,,5,7,,1883,1827,,66.6,101.2,.263,.367,.527,45.1,48.1,7.5,7.7,.499,12.6,19.7,.187
221,North Dakota,26,9,17,.346,-10.98,-3.98,,8,8,,5,3,,3,11,,1787,1969,,69.0,108.2,.304,.319,.566,52.4,46.7,9.2,9.9,.532,15.1,26.5,.232
222,North Florida,23,8,15,.348,-11.19,-4.33,,6,6,,5,3,,3,10,,1601,1725,,68.6,109.3,.317,.298,.534,53.1,55.6,11.6,10.4,.497,13.4,34.5,.233
223,North Texas NCAA,26,17,9,.654,7.43,-0.21,,9,5,,8,3,,5,6,,1815,1592,,65.6,92.9,.314,.344,.503,47.9,41.7,9.7,8.4,.465,19.0,26.3,.227
224,Northeastern,19,10,9,.526,-0.21,0.90,,8,2,,5,1,,4,7,,1277,1298,,68.4,99.2,.293,.315,.514,52.0,45.9,9.9,7.0,.483,15.1,26.3,.205
225,Northern Arizona,22,6,16,.273,-14.25,-2.89,,4,10,,1,7,,4,7,,1390,1640,,65.3,113.5,.332,.441,.609,54.3,56.8,8.2,8.3,.582,16.5,27.9,.244
226,Northern Colorado,22,11,11,.500,-8.06,-5.59,,6,8,,6,5,,4,5,,1551,1519,,69.4,99.0,.324,.232,.522,47.8,35.4,8.9,7.9,.480,13.8,21.0,.244
227,Northern Illinois,19,3,16,.158,-17.15,-2.05,,2,12,,2,7,,1,9,,1184,1471,,67.4,114.1,.338,.414,.578,50.7,58.7,8.9,7.1,.547,14.6,31.3,.248
228,Northern Iowa,25,10,15,.400,-1.65,2.53,,7,11,,6,5,,3,7,,1738,1779,,68.9,102.3,.262,.424,.551,48.4,52.5,10.5,8.0,.523,15.8,21.1,.193
229,Northern Kentucky,25,14,11,.560,-6.01,-6.13,,11,7,,9,4,,5,6,,1784,1781,,66.2,105.9,.325,.373,.543,49.2,53.8,9.1,6.0,.517,16.2,32.7,.219
230,Northwestern State,29,11,18,.379,-13.76,-5.22,,9,7,,6,4,,4,12,,2106,2312,,73.4,107.6,.348,.349,.556,52.7,55.4,10.0,7.6,.529,15.8,31.3,.238
231,Northwestern,24,9,15,.375,10.86,12.91,,6,13,,7,6,,2,8,,1686,1681,,69.3,100.1,.326,.426,.532,51.6,60.9,8.5,9.3,.499,16.3,25.2,.231
232,Notre Dame,26,11,15,.423,8.74,10.40,,7,11,,6,5,,4,8,,1890,1933,,67.4,110.3,.197,.359,.531,52.3,48.8,9.0,11.8,.508,10.9,29.7,.144
233,Oakland,30,12,18,.400,-8.51,-1.98,,10,10,,5,4,,6,11,,2240,2436,,70.6,111.3,.213,.427,.571,52.5,68.6,8.6,10.2,.554,16.1,33.6,.149
234,Ohio State NCAA,30,21,9,.700,19.93,13.56,,12,8,,10,4,,7,4,,2320,2129,,67.5,104.2,.338,.380,.524,48.2,55.4,6.8,7.8,.489,13.1,27.4,.239
235,Ohio NCAA,23,16,7,.696,5.75,-1.30,,9,5,,8,3,,4,4,,1860,1685,,71.9,101.9,.301,.394,.547,49.1,53.3,7.9,6.4,.510,17.6,27.3,.229
236,Oklahoma State NCAA,28,20,8,.714,14.15,9.97,,11,7,,10,3,,8,4,,2158,2041,,72.8,98.0,.305,.372,.506,47.9,48.5,11.1,10.4,.471,16.6,30.2,.216
237,Oklahoma NCAA,25,15,10,.600,13.74,8.22,,9,8,,10,3,,4,7,,1869,1731,,69.2,98.6,.228,.381,.517,50.0,47.1,8.0,8.3,.489,16.4,27.5,.167
238,Old Dominion,23,15,8,.652,-0.69,-0.46,,11,5,,9,1,,6,6,,1571,1556,,68.1,98.7,.293,.428,.523,48.5,55.4,9.3,8.4,.494,16.8,25.4,.204
239,Oral Roberts NCAA,26,16,10,.615,-0.78,-2.60,,10,5,,8,3,,5,7,,2126,1970,,73.7,102.8,.324,.324,.521,52.5,44.1,7.7,8.7,.488,15.5,31.0,.227
240,Oregon State NCAA,29,17,12,.586,7.53,7.67,,10,10,,10,6,,4,6,,2049,1981,,66.0,102.6,.377,.377,.538,49.8,52.9,7.6,7.5,.497,16.5,28.8,.274
241,Oregon NCAA,26,20,6,.769,13.60,6.64,,14,4,,11,2,,7,2,,1934,1753,,67.9,99.3,.271,.393,.536,49.3,54.2,7.1,7.4,.501,18.0,27.2,.207
242,Pacific,18,9,9,.500,1.55,4.14,,6,7,,6,2,,3,6,,1256,1272,,69.1,100.2,.323,.417,.542,48.3,50.2,6.5,6.6,.508,16.4,23.3,.235
243,Penn State,25,11,14,.440,14.72,15.08,,7,12,,7,5,,3,8,,1816,1825,,69.7,103.8,.335,.384,.563,48.2,55.9,7.9,11.7,.530,17.6,24.8,.245
244,Pennsylvania,0,0,0,,,,,0,0,,0,0,,0,0,,,,,,,,,,,,,,,,,
245,Pepperdine,24,12,12,.500,3.56,5.01,,7,6,,7,5,,3,5,,1830,1790,,72.3,101.1,.342,.377,.530,50.9,52.1,9.3,5.1,.491,16.0,27.3,.250
246,Pittsburgh,22,10,12,.455,8.77,7.73,,6,10,,7,6,,3,5,,1566,1543,,68.5,102.3,.332,.404,.533,46.4,64.1,8.6,10.9,.500,15.4,26.1,.235
247,Portland State,22,9,13,.409,-7.91,-6.25,,6,8,,7,6,,2,6,,1512,1463,,70.6,93.7,.417,.336,.536,47.8,54.8,8.0,7.8,.498,20.9,23.0,.288
248,Portland,21,6,15,.286,-14.03,3.63,,0,11,,5,8,,1,6,,1459,1748,,73.0,113.3,.226,.414,.600,57.6,61.3,8.9,12.4,.580,17.0,31.6,.169
249,Prairie View,21,16,5,.762,-8.49,-15.53,,13,0,,8,0,,5,3,,1497,1349,,70.7,90.9,.460,.335,.505,50.6,50.1,9.7,8.2,.474,22.2,31.4,.283
250,Presbyterian,22,7,15,.318,-13.39,-8.44,,5,12,,5,6,,2,9,,1411,1476,,66.8,99.9,.420,.361,.556,48.8,50.2,10.6,10.4,.520,20.0,27.3,.295
251,Princeton,0,0,0,,,,,0,0,,0,0,,0,0,,,,,,,,,,,,,,,,,
252,Providence,26,13,13,.500,9.93,9.81,,9,10,,8,3,,4,7,,1816,1813,,67.2,101.8,.301,.338,.517,50.5,48.8,9.3,8.6,.486,14.6,29.9,.211
253,Purdue NCAA,27,18,9,.667,17.27,12.46,,13,6,,11,1,,5,6,,1920,1790,,66.8,98.8,.303,.457,.515,45.5,60.4,8.3,9.7,.486,15.0,24.1,.205
254,Quinnipiac,22,9,13,.409,-8.30,-6.80,,7,10,,8,5,,1,5,,1485,1518,,72.0,94.2,.327,.344,.482,52.4,50.8,9.8,11.8,.442,15.0,27.8,.231
255,Radford,27,15,12,.556,-5.58,-5.98,,12,6,,9,5,,6,6,,1826,1745,,64.7,98.0,.244,.402,.521,44.1,49.5,9.5,8.0,.492,16.5,24.2,.178
256,Rhode Island,25,10,15,.400,6.15,5.79,,7,10,,6,3,,2,9,,1786,1777,,70.4,99.1,.335,.377,.513,47.7,54.8,9.8,9.7,.478,15.3,26.2,.232
257,Rice,28,15,13,.536,-3.73,-1.49,,6,10,,9,3,,3,9,,2068,2062,,72.5,101.6,.214,.347,.529,48.7,52.0,10.6,11.2,.508,15.2,25.6,.150
258,Richmond,22,14,8,.636,9.97,5.69,,6,5,,6,4,,5,3,,1650,1519,,69.9,98.8,.281,.364,.541,53.4,46.0,7.6,7.2,.517,19.3,27.7,.193
259,Rider,23,6,17,.261,-11.54,-5.06,,5,13,,1,8,,4,8,,1553,1702,,68.6,107.2,.360,.401,.559,50.6,53.6,9.3,8.0,.533,15.2,26.7,.243
260,Robert Morris,19,4,15,.211,-12.44,-4.77,,3,12,,3,6,,1,9,,1374,1494,,68.5,110.4,.342,.374,.571,52.5,52.4,9.0,6.5,.540,16.6,33.4,.247
261,Rutgers NCAA,26,15,11,.577,15.17,13.44,,10,10,,10,4,,4,6,,1819,1774,,68.5,99.1,.332,.356,.513,50.8,56.1,9.8,8.2,.477,16.4,29.2,.234
262,Sacramento State,20,8,12,.400,-9.12,-5.01,,5,9,,5,3,,3,8,,1443,1442,,66.2,107.0,.309,.351,.577,51.1,50.9,6.7,5.3,.546,17.0,26.1,.230
263,Sacred Heart,18,9,9,.500,-10.22,-5.50,,9,7,,4,3,,5,6,,1265,1350,,68.0,108.1,.276,.332,.533,51.1,46.0,8.5,12.1,.507,13.1,31.7,.193
264,Saint Francis (PA),22,6,16,.273,-8.46,-3.96,,5,13,,4,6,,2,10,,1515,1614,,69.7,104.1,.294,.385,.544,50.2,49.7,9.8,9.4,.515,16.3,28.6,.211
265,Saint Joseph's,20,5,15,.250,-3.45,7.01,,3,9,,3,3,,1,9,,1443,1652,,73.0,109.7,.314,.368,.562,55.1,55.0,9.6,11.0,.536,15.0,30.7,.221
266,Saint Louis,20,14,6,.700,13.01,2.66,,6,4,,12,1,,1,4,,1507,1300,,68.5,95.0,.363,.387,.521,43.2,51.4,9.5,10.0,.480,17.7,22.0,.262
267,Saint Mary's (CA),24,14,10,.583,7.27,5.65,,4,6,,9,3,,2,3,,1542,1503,,65.8,95.2,.280,.272,.511,48.0,38.4,8.0,9.9,.477,16.5,21.9,.202
268,Saint Peter's,25,14,11,.560,-4.64,-6.36,,10,8,,8,3,,4,7,,1580,1537,,68.0,90.4,.395,.373,.489,48.7,55.0,9.9,11.3,.449,19.6,27.7,.264
269,Sam Houston State,28,19,9,.679,-3.43,-5.02,,13,3,,12,1,,7,6,,2229,1969,,74.7,94.1,.382,.375,.517,50.3,55.6,8.6,8.1,.476,20.6,30.6,.269
270,Samford,19,6,13,.316,-8.51,-1.22,,2,9,,4,5,,2,7,,1460,1510,,75.0,103.9,.383,.492,.558,47.6,59.9,10.5,7.5,.523,16.7,25.0,.272
271,San Diego State NCAA,27,23,4,.852,14.59,2.17,,14,3,,13,2,,6,2,,2000,1635,,67.1,89.8,.320,.455,.502,47.0,61.2,7.0,8.0,.461,20.1,23.7,.234
272,San Diego,14,3,11,.214,-6.54,4.32,,2,7,,0,5,,3,5,,927,1079,,72.2,105.8,.338,.316,.565,53.8,49.0,9.6,7.6,.533,16.3,25.6,.247
273,San Francisco,25,11,14,.440,5.12,2.96,,4,9,,3,5,,4,6,,1786,1732,,69.5,99.7,.400,.279,.544,51.3,46.1,8.0,10.3,.497,17.8,24.5,.299
274,San Jose State,21,5,16,.238,-17.64,0.94,,2,12,,4,6,,0,8,,1381,1710,,72.4,112.5,.272,.395,.541,56.6,52.1,8.9,10.0,.514,11.9,33.4,.195
275,Santa Clara,20,12,8,.600,-1.31,0.90,,4,5,,6,3,,4,3,,1393,1412,,72.1,97.9,.299,.362,.510,49.8,52.1,8.4,7.2,.474,15.1,24.2,.218
276,Seattle,23,12,11,.522,-6.68,-4.94,,4,5,,6,3,,3,6,,1677,1578,,70.5,96.8,.387,.362,.527,52.8,53.1,7.2,7.9,.479,19.5,29.9,.289
277,Seton Hall,27,14,13,.519,12.04,10.45,,10,9,,7,4,,6,7,,1924,1881,,67.8,101.3,.273,.343,.528,49.9,48.4,9.5,9.6,.494,16.7,29.8,.205
278,Siena,17,12,5,.706,-3.28,-7.86,,12,4,,6,2,,6,2,,1149,1071,,66.2,95.2,.247,.316,.490,48.3,41.5,9.5,7.9,.460,15.5,27.1,.175
279,South Alabama,28,17,11,.607,-5.64,-5.47,,10,7,,10,5,,6,5,,2075,1985,,68.4,102.3,.231,.516,.524,51.6,59.0,8.7,12.1,.496,17.0,32.0,.172
280,South Carolina State,18,1,17,.056,-24.36,-7.03,,1,7,,1,6,,0,11,,1102,1414,,72.5,108.3,.360,.365,.586,55.4,55.4,10.3,9.3,.554,19.7,33.4,.264
281,South Carolina Upstate,23,5,18,.217,-13.11,-4.61,,5,11,,3,8,,2,10,,1515,1712,,68.9,108.0,.361,.375,.567,53.5,52.7,10.2,8.5,.538,16.6,29.8,.252
282,South Carolina,21,6,15,.286,3.81,10.43,,4,12,,3,6,,2,7,,1523,1662,,75.4,104.9,.390,.372,.574,51.3,54.8,10.2,10.4,.532,19.4,31.0,.297
283,South Dakota State,23,16,7,.696,2.60,-2.72,,9,3,,8,1,,4,2,,1850,1690,,71.9,102.2,.257,.401,.542,46.5,48.8,8.8,8.1,.506,13.9,20.0,.204
284,South Dakota,25,14,11,.560,-1.84,-4.09,,11,4,,7,2,,5,4,,1899,1805,,70.2,102.8,.344,.396,.530,49.5,42.7,6.7,6.0,.489,14.0,24.0,.253
285,South Florida,22,9,13,.409,0.12,6.41,,4,10,,4,6,,3,4,,1449,1571,,68.3,104.0,.325,.419,.550,47.2,59.7,9.5,10.1,.519,15.6,25.5,.231
286,Southeast Missouri State,27,11,16,.407,-9.82,-7.16,,9,11,,7,6,,3,9,,1864,1936,,68.9,101.3,.389,.357,.553,48.4,54.8,9.7,10.2,.519,17.7,23.6,.271
287,Southeastern Louisiana,26,8,18,.308,-17.62,-8.24,,5,11,,3,4,,4,13,,1775,2019,,71.6,107.0,.380,.393,.589,51.5,57.7,9.2,9.5,.552,19.6,30.0,.286
288,Southern California NCAA,29,22,7,.759,17.24,7.59,,15,5,,13,2,,7,3,,2168,1888,,67.6,94.7,.248,.353,.487,45.0,52.9,8.0,7.1,.454,15.2,27.2,.180
289,SIU Edwardsville,26,9,17,.346,-14.53,-5.61,,7,12,,2,8,,6,7,,1709,1897,,69.8,104.6,.333,.384,.544,51.6,59.0,11.4,6.6,.517,17.0,31.0,.227
290,Southern Illinois,26,12,14,.462,-3.50,0.79,,5,13,,8,5,,3,8,,1704,1770,,65.8,102.5,.236,.406,.550,53.5,56.9,9.6,10.3,.527,16.9,24.7,.170
291,Southern Methodist,16,11,5,.688,11.16,4.16,,7,4,,6,2,,5,2,,1185,1073,,70.8,94.7,.354,.384,.501,48.6,59.2,10.2,11.0,.463,17.6,29.1,.243
292,Southern Mississippi,25,8,17,.320,-6.85,-2.07,,4,13,,6,7,,2,9,,1605,1668,,68.5,96.9,.289,.444,.526,49.2,52.7,10.2,5.6,.497,17.5,23.5,.201
293,Southern Utah,24,20,4,.833,-0.73,-7.05,,12,2,,14,0,,5,3,,2021,1669,,73.1,94.7,.286,.389,.514,44.5,51.2,6.7,8.2,.489,16.9,21.8,.191
294,Southern,19,8,11,.421,-13.70,-13.28,,8,6,,5,2,,3,7,,1327,1335,,72.9,94.5,.408,.320,.514,48.5,47.3,10.3,10.5,.473,18.3,25.8,.281
295,St. Bonaventure NCAA,20,16,4,.800,15.23,5.08,,11,4,,8,1,,4,3,,1410,1207,,65.2,92.6,.283,.432,.482,46.9,57.6,7.8,7.8,.455,16.9,28.5,.184
296,St. Francis (NY),19,9,10,.474,-8.25,-6.41,,9,9,,4,6,,5,4,,1476,1511,,73.6,107.4,.391,.340,.566,50.6,52.1,8.2,9.2,.527,17.3,30.3,.289
297,St. John's (NY),27,16,11,.593,10.26,8.04,,10,9,,11,3,,4,6,,2132,2072,,74.1,102.2,.318,.369,.551,51.3,52.4,9.2,9.4,.526,19.1,30.0,.217
298,Stanford,27,14,13,.519,8.09,7.94,,10,10,,5,4,,6,6,,1883,1879,,69.7,98.1,.270,.398,.517,50.0,51.1,9.9,9.6,.483,17.6,28.7,.203
299,Stephen F. Austin,21,16,5,.762,-1.87,-8.70,,13,3,,10,1,,6,4,,1686,1484,,72.7,96.1,.411,.357,.547,44.6,54.4,10.4,7.5,.501,21.9,26.9,.307
300,Stetson,25,11,14,.440,-7.37,-4.55,,7,9,,7,5,,3,8,,1800,1767,,68.7,102.4,.296,.378,.549,49.2,56.9,8.4,9.3,.521,16.8,26.2,.210
301,Stony Brook,23,9,14,.391,-5.26,-3.85,,7,9,,5,5,,4,8,,1522,1509,,67.7,95.8,.295,.398,.506,48.3,54.4,9.5,7.9,.474,17.0,27.0,.206
302,Syracuse NCAA,25,16,9,.640,13.75,8.63,,9,7,,13,1,,2,7,,1896,1768,,69.7,100.9,.251,.439,.517,51.4,68.6,8.2,8.9,.485,17.6,33.6,.188
303,Tarleton State,20,10,10,.500,-8.19,-3.92,,5,7,,6,3,,4,7,,1467,1246,,69.2,90.1,.415,.462,.528,51.3,70.9,5.0,8.9,.484,24.8,28.5,.297
304,Temple,16,5,11,.313,2.78,5.78,,4,10,,3,5,,2,5,,1053,1101,,68.3,100.7,.317,.380,.507,50.5,55.3,8.2,10.3,.473,13.9,28.1,.220
305,Tennessee-Martin,24,8,16,.333,-19.01,-5.49,,6,14,,6,7,,2,9,,1571,1847,,68.7,110.8,.362,.419,.588,53.3,63.5,9.8,8.8,.562,18.1,33.3,.254
306,Tennessee State,23,4,19,.174,-13.64,-6.78,,3,17,,4,8,,0,11,,1573,1702,,72.5,101.0,.433,.367,.546,53.1,52.0,8.3,11.1,.507,19.4,30.9,.303
307,Tennessee Tech,27,5,22,.185,-13.62,-3.32,,5,15,,5,6,,0,16,,1797,2075,,70.2,109.0,.267,.384,.570,50.6,63.1,10.4,9.0,.548,15.9,27.8,.188
308,Tennessee NCAA,26,18,8,.692,18.08,8.81,,10,7,,13,3,,4,4,,1885,1644,,68.8,91.9,.311,.381,.499,48.4,45.1,9.5,6.8,.459,19.9,28.6,.227
309,Texas A&M-Corpus Christi,24,5,19,.208,-16.95,-6.28,,2,13,,4,8,,1,10,,1554,1716,,71.3,100.3,.315,.347,.532,51.6,58.4,12.0,8.2,.496,17.3,28.2,.233
310,Texas A&M,18,8,10,.444,2.32,4.99,,2,8,,6,4,,2,4,,1157,1205,,66.1,101.3,.296,.474,.551,49.1,67.8,10.2,11.8,.531,19.9,30.1,.194
311,Texas-Arlington,26,13,13,.500,-7.19,-4.54,,9,8,,9,4,,3,8,,1916,1827,,71.6,97.7,.286,.355,.517,51.1,58.4,8.5,8.0,.487,17.8,30.0,.201
312,Texas Christian,26,12,14,.462,2.83,7.22,,5,11,,6,7,,3,6,,1738,1852,,67.6,104.9,.293,.347,.534,49.8,58.8,10.3,10.2,.507,14.8,29.3,.202
313,Texas-El Paso,24,12,12,.500,0.91,1.10,,8,8,,10,2,,2,9,,1698,1644,,69.6,97.9,.371,.325,.529,50.6,46.4,7.4,7.2,.489,16.9,23.8,.265
314,Texas-Rio Grande Valley,19,9,10,.474,-10.23,-5.83,,2,5,,8,3,,1,6,,1376,1287,,74.5,91.0,.422,.327,.500,50.5,59.4,8.9,8.0,.455,21.6,31.5,.289
315,Texas-San Antonio,26,15,11,.577,-1.38,-0.33,,9,7,,12,2,,2,8,,2050,1906,,73.4,99.9,.355,.383,.531,48.7,50.5,7.5,7.3,.488,16.7,26.3,.265
316,Texas Southern NCAA,24,16,8,.667,-7.49,-10.96,,10,3,,8,2,,5,6,,1795,1672,,74.4,93.1,.329,.385,.495,46.1,49.2,8.9,7.9,.458,17.4,26.1,.230
317,Texas State,25,18,7,.720,-3.92,-7.44,,12,3,,8,3,,9,3,,1660,1543,,64.6,94.1,.327,.402,.525,47.6,52.1,9.0,7.0,.493,20.3,25.4,.228
318,Texas Tech NCAA,27,17,10,.630,16.55,6.92,,9,8,,11,4,,5,4,,1972,1712,,67.0,93.8,.365,.386,.513,48.5,44.8,8.5,7.2,.478,20.7,29.7,.249
319,Texas NCAA,26,19,7,.731,16.25,9.82,,11,6,,8,5,,6,2,,1956,1789,,69.6,97.4,.367,.334,.504,47.0,41.3,8.6,9.6,.467,15.6,26.9,.250
320,Toledo,30,21,9,.700,7.25,-1.22,,15,4,,12,1,,7,5,,2433,2179,,70.2,102.2,.237,.402,.514,49.8,45.3,7.6,8.5,.486,15.0,30.7,.173
321,Towson,18,4,14,.222,-9.00,-1.50,,3,9,,4,4,,0,6,,1214,1349,,66.8,110.6,.293,.409,.555,48.5,48.5,8.0,7.9,.526,13.8,30.3,.212
322,Troy,28,11,17,.393,-11.62,-3.62,,4,12,,7,4,,2,11,,1829,1942,,70.2,98.4,.301,.382,.522,48.8,53.4,11.3,11.3,.496,16.8,25.8,.202
323,Tulane,23,10,13,.435,1.05,3.62,,4,12,,6,6,,3,6,,1470,1529,,67.8,98.1,.300,.430,.522,54.2,68.2,7.8,10.2,.497,19.0,30.6,.200
324,Tulsa,23,11,12,.478,4.24,5.48,,7,9,,7,5,,4,4,,1573,1509,,68.0,96.4,.347,.425,.509,50.8,55.2,11.0,7.7,.480,18.6,30.4,.226
325,UCLA NCAA,26,17,9,.654,12.39,8.04,,13,6,,11,1,,5,6,,1894,1781,,65.5,101.7,.280,.390,.539,46.8,49.4,7.5,7.1,.507,15.7,23.9,.206
326,Utah State NCAA,28,20,8,.714,11.22,0.74,,13,4,,10,2,,5,3,,2052,1743,,69.5,89.5,.257,.409,.492,42.8,52.0,9.5,8.7,.457,18.0,21.5,.191
327,Utah Valley,22,11,11,.500,-4.40,-2.60,,9,4,,8,4,,3,6,,1632,1635,,72.0,102.7,.346,.346,.530,45.5,53.8,9.3,7.5,.486,13.9,23.9,.263
328,Utah,25,12,13,.480,9.36,7.04,,8,11,,8,5,,3,7,,1803,1745,,67.8,101.9,.273,.356,.541,52.1,51.3,9.2,10.6,.512,17.2,29.5,.199
329,Valparaiso,28,10,18,.357,-3.95,1.40,,7,11,,6,6,,4,11,,1821,1902,,68.3,98.5,.278,.357,.523,52.9,52.8,8.8,7.2,.496,16.7,25.8,.192
330,Vanderbilt,25,9,16,.360,6.68,7.28,,3,13,,6,7,,2,8,,1794,1809,,69.6,103.9,.337,.373,.553,50.7,52.6,9.6,14.0,.521,17.4,28.4,.240
331,Vermont,15,10,5,.667,2.80,-6.80,,10,4,,6,3,,4,2,,1095,951,,66.4,93.9,.335,.400,.507,47.1,43.9,7.5,6.7,.470,17.0,23.2,.235
332,Villanova NCAA,22,16,6,.727,18.08,9.67,,11,4,,9,0,,4,4,,1662,1477,,66.2,100.8,.258,.407,.540,48.9,48.7,6.1,8.8,.518,16.9,24.8,.176
333,Virginia Commonwealth NCAA,26,19,7,.731,12.35,5.81,,10,4,,12,2,,5,3,,1864,1694,,70.5,92.0,.354,.351,.498,50.4,51.2,9.1,8.5,.458,20.4,31.0,.246
334,VMI,25,13,12,.520,0.17,-0.20,,7,7,,11,1,,1,10,,2001,1897,,72.3,103.8,.233,.432,.521,48.7,46.6,9.4,8.1,.500,12.4,24.7,.157
335,Virginia Tech NCAA,21,15,6,.714,13.69,7.07,,9,4,,10,2,,3,3,,1515,1376,,66.5,97.4,.308,.393,.516,47.7,46.6,8.7,10.0,.483,15.7,24.3,.216
336,Virginia NCAA,24,18,6,.750,16.66,8.49,,13,4,,10,1,,6,3,,1647,1451,,60.8,98.9,.246,.372,.511,47.9,52.7,8.4,7.7,.479,13.6,22.6,.182
337,Wagner,20,13,7,.650,-3.36,-5.91,,13,5,,7,3,,6,4,,1425,1374,,66.8,101.0,.443,.397,.548,47.5,58.4,9.2,8.6,.503,18.5,28.1,.320
338,Wake Forest,22,6,16,.273,2.72,9.05,,3,15,,5,6,,1,9,,1458,1583,,67.4,106.1,.326,.364,.565,51.1,53.8,11.2,15.8,.538,16.1,25.8,.229
339,Washington State,27,14,13,.519,5.81,4.62,,7,12,,11,5,,3,6,,1853,1821,,68.6,95.7,.327,.328,.504,47.7,55.9,9.9,10.2,.466,16.3,26.0,.231
340,Washington,26,5,21,.192,-0.57,9.17,,4,16,,4,7,,1,9,,1759,2012,,71.0,109.0,.347,.331,.546,55.5,57.2,8.2,8.6,.512,14.7,34.4,.247
341,Weber State,23,17,6,.739,1.87,-6.48,,12,3,,11,0,,6,5,,1881,1594,,72.5,95.6,.306,.356,.519,48.6,51.1,8.5,6.6,.485,17.6,24.4,.219
342,West Virginia NCAA,27,18,9,.667,15.89,10.70,,11,6,,8,5,,7,2,,2087,1947,,70.7,100.6,.285,.372,.530,48.3,52.0,8.7,6.4,.502,17.9,31.2,.198
343,Western Carolina,27,11,16,.407,-6.90,-1.50,,4,13,,6,5,,4,9,,2039,2129,,72.2,106.7,.272,.398,.558,50.4,48.0,9.8,7.8,.537,14.4,24.5,.188
344,Western Illinois,22,7,15,.318,-12.87,-5.01,,5,9,,2,5,,4,9,,1606,1746,,73.5,108.0,.382,.341,.575,48.9,51.0,7.9,10.5,.540,14.9,22.9,.278
345,Western Kentucky,28,21,7,.750,5.57,0.46,,11,3,,11,2,,5,3,,2043,1900,,69.2,97.2,.224,.396,.519,45.2,49.4,9.7,10.1,.491,16.8,24.2,.166
346,Western Michigan,21,5,16,.238,-10.76,-0.46,,4,12,,2,9,,3,7,,1325,1511,,68.3,105.4,.251,.384,.523,51.8,41.6,11.4,7.2,.494,12.8,28.8,.182
347,Wichita State NCAA,21,16,5,.762,9.45,6.81,,11,2,,10,2,,5,2,,1520,1416,,68.8,96.9,.284,.383,.490,51.0,50.5,7.9,7.7,.459,15.9,32.3,.194
348,William & Mary,17,7,10,.412,-10.29,-3.06,,4,6,,1,3,,5,6,,1101,1224,,67.2,106.3,.238,.347,.536,51.6,52.7,10.4,14.9,.510,14.6,31.8,.173
349,Winthrop NCAA,24,23,1,.958,5.13,-7.62,,17,1,,11,1,,10,0,,1909,1603,,72.8,91.8,.338,.364,.519,43.7,43.4,8.2,9.0,.490,20.2,22.0,.224
350,Wisconsin NCAA,29,17,12,.586,17.81,12.50,,10,10,,11,5,,5,6,,2019,1865,,65.7,97.0,.285,.342,.511,51.2,53.0,6.6,11.0,.479,15.8,25.1,.203
351,Wofford,24,15,9,.625,2.24,0.24,,12,5,,9,3,,6,4,,1784,1627,,67.6,99.8,.248,.422,.530,48.4,48.4,9.4,9.8,.507,16.8,26.0,.170
352,Wright State,24,18,6,.750,7.65,-6.89,,16,4,,9,4,,9,2,,1967,1618,,72.1,93.0,.218,.329,.478,43.8,44.2,9.9,5.2,.451,14.6,25.0,.153
353,Wyoming,25,14,11,.560,-1.51,-2.59,,5,9,,7,5,,4,5,,1915,1888,,69.9,106.9,.339,.311,.560,53.0,45.5,7.9,11.0,.529,16.0,27.8,.242
354,Xavier,21,13,8,.619,11.93,7.31,,6,7,,11,2,,2,5,,1571,1474,,69.5,99.8,.235,.373,.506,49.2,56.9,7.9,7.4,.476,14.2,27.3,.173
355,Yale,0,0,0,,,,,0,0,,0,0,,0,0,,,,,,,,,,,,,,,,,
356,Youngstown State,27,15,12,.556,-9.00,-7.39,,9,11,,10,5,,5,7,,2010,1950,,69.1,103.1,.262,.396,.553,48.7,52.5,8.2,7.8,.527,17.9,28.5,.188