,,Overall,Overall,Overall,Overall,Overall,Overall,,Conf.,Conf.,,Home,Home,,Away,Away,,Points,Points,,Opponent,Opponent,Opponent,Opponent,Opponent,Opponent,Opponent,Opponent,Opponent,Opponent,Opponent,Opponent,Opponent,Opponent,Opponent,Opponent,Opponent
Rk,School,G,W,L,W-L%,SRS,SOS,,W,L,,W,L,,W,L,,Tm.,Opp.,,MP,FG,FGA,FG%,3P,3PA,3P%,FT,FTA,FT%,ORB,TRB,AST,STL,BLK,TOV,PF
1,Abilene Christian NCAA,27,23,4,.852,6.11,-8.46,,13,2,,13,0,,5,4,,2096,1634,,1080,556,1390,.400,147,481,.306,375,549,.683,247,912,269,179,97,547,549
2,Air Force,25,5,20,.200,-13.06,0.14,,3,17,,3,8,,1,10,,1468,1798,,1000,654,1309,.500,194,530,.366,296,430,.688,258,865,368,150,53,348,418
3,Akron,23,15,8,.652,2.63,-1.18,,12,6,,9,1,,5,5,,1798,1660,,930,621,1435,.433,151,486,.311,267,375,.712,253,837,279,129,51,274,422
4,Alabama A&M,15,6,9,.400,-19.25,-15.38,,4,9,,5,2,,1,7,,950,1008,,610,350,891,.393,84,297,.283,224,333,.673,172,582,188,121,40,192,251
5,Alabama-Birmingham,29,22,7,.759,5.88,-3.76,,13,5,,15,2,,6,4,,2105,1748,,1160,633,1566,.404,181,569,.318,301,434,.694,252,994,310,122,105,478,477
6,Alabama State,18,4,14,.222,-24.74,-17.40,,4,14,,3,6,,1,8,,1156,1288,,720,456,1042,.438,108,332,.325,268,385,.696,188,677,227,139,75,268,388
7,Alabama NCAA,30,24,6,.800,20.18,10.38,,16,2,,12,1,,7,3,,2387,2093,,1200,753,1860,.405,180,625,.288,407,593,.686,357,1167,331,240,145,475,549
8,Albany (NY),16,7,9,.438,-3.70,-4.39,,6,6,,4,5,,2,4,,1110,1099,,640,402,894,.450,114,330,.345,181,262,.691,139,522,196,90,64,233,295
9,Alcorn State,19,6,13,.316,-19.96,-10.44,,6,7,,4,3,,2,9,,1256,1437,,760,483,992,.487,134,387,.346,337,497,.678,175,663,280,128,79,299,338
10,American,10,4,6,.400,-2.45,2.05,,4,5,,2,2,,2,4,,691,736,,420,268,584,.459,50,172,.291,150,224,.670,106,351,117,85,25,125,156
11,Appalachian State NCAA,28,17,11,.607,-5.32,-5.23,,7,8,,9,4,,4,7,,1986,1806,,1145,669,1590,.421,195,604,.323,273,385,.709,264,985,336,154,121,395,493
12,Arizona State,25,11,14,.440,5.36,8.12,,7,10,,7,6,,2,6,,1858,1927,,1010,671,1460,.460,192,530,.362,393,527,.746,257,990,373,139,80,380,455
13,Arizona,26,17,9,.654,12.68,5.83,,11,9,,12,4,,5,5,,1961,1783,,1050,631,1470,.429,184,539,.341,337,477,.706,220,812,292,140,72,322,524
14,Little Rock,26,11,15,.423,-6.30,-5.34,,7,11,,7,4,,2,8,,1786,1782,,1050,645,1476,.437,201,582,.345,291,402,.724,241,820,347,172,77,362,482
15,Arkansas-Pine Bluff,25,4,21,.160,-22.89,-8.01,,3,12,,2,3,,2,17,,1549,1921,,1010,680,1434,.474,191,478,.400,370,549,.674,263,922,404,207,95,322,472
16,Arkansas State,24,11,13,.458,-7.94,-5.85,,7,8,,9,3,,1,9,,1741,1667,,965,608,1431,.425,160,479,.334,291,393,.740,239,806,294,163,101,301,425
17,Arkansas NCAA,28,22,6,.786,18.07,6.36,,13,4,,16,1,,5,4,,2307,1979,,1125,712,1716,.415,210,645,.326,345,503,.686,279,1000,331,189,102,430,529
18,Army,21,12,9,.571,4.67,4.77,,7,7,,5,5,,5,3,,1511,1452,,845,533,1219,.437,178,501,.355,208,290,.717,176,741,273,146,68,291,355
19,Auburn,27,13,14,.481,10.29,9.55,,7,11,,8,5,,3,8,,2084,2064,,1090,748,1708,.438,198,606,.327,370,540,.685,329,980,340,236,101,369,535
20,Austin Peay,27,14,13,.519,-6.28,-7.84,,10,10,,8,5,,4,6,,2007,1890,,1090,687,1457,.472,194,541,.359,322,477,.675,249,856,312,210,70,436,489
21,Ball State,23,10,13,.435,-1.26,-0.52,,8,9,,7,4,,3,8,,1719,1736,,930,611,1419,.431,167,538,.310,347,506,.686,272,867,288,168,60,288,409
22,Baylor NCAA,24,22,2,.917,23.32,5.36,,13,1,,11,0,,7,1,,2025,1594,,965,575,1329,.433,155,456,.340,289,421,.686,254,769,297,148,92,416,401
23,Bellarmine,20,13,7,.650,-1.95,-6.22,,10,3,,6,4,,7,2,,1486,1307,,800,458,1024,.447,192,503,.382,199,283,.703,164,574,258,103,54,306,318
24,Belmont,30,26,4,.867,3.90,-8.28,,18,2,,11,1,,10,2,,2439,2074,,1205,773,1813,.426,223,660,.338,305,448,.681,307,1054,386,189,110,441,489
25,Binghamton,18,4,14,.222,-11.44,-4.56,,4,10,,1,9,,3,5,,1178,1302,,735,466,1037,.449,137,373,.367,233,325,.717,171,637,217,121,45,199,283
26,Boise State,26,18,8,.692,9.58,0.82,,14,6,,11,1,,6,6,,1981,1725,,1045,629,1476,.426,167,514,.325,300,405,.741,210,847,287,136,60,377,501
27,Boston College,20,4,16,.200,1.69,9.84,,2,11,,3,5,,0,7,,1427,1590,,805,593,1208,.491,154,435,.354,250,351,.712,193,743,297,136,68,267,347
28,Boston University,18,7,11,.389,1.11,5.67,,6,10,,2,6,,5,5,,1249,1331,,720,495,1048,.472,132,367,.360,209,312,.670,159,605,236,116,47,185,305
29,Bowling Green State,25,14,11,.560,0.88,-1.45,,10,8,,4,7,,10,3,,1963,1886,,1010,682,1525,.447,203,596,.341,319,452,.706,269,974,338,133,96,348,427
30,Bradley,28,12,16,.429,0.46,1.31,,6,12,,8,6,,2,9,,1948,1864,,1130,654,1570,.417,253,683,.370,303,457,.663,258,944,360,182,59,336,395
31,Brigham Young NCAA,26,20,6,.769,14.53,5.81,,10,3,,11,2,,7,2,,2047,1780,,1055,641,1569,.409,180,551,.327,318,464,.685,231,846,302,166,51,302,482
32,Brown,0,0,0,,,,,0,0,,0,0,,0,0,,,,,,,,,,,,,,,,,,,,,
33,Bryant,21,15,6,.714,1.00,-5.75,,10,4,,10,1,,5,5,,1761,1571,,840,576,1408,.409,155,544,.285,264,375,.704,264,796,304,151,78,282,403
34,Bucknell,12,5,7,.417,-3.70,-1.29,,4,6,,2,3,,3,4,,899,928,,480,334,763,.438,89,247,.360,171,223,.767,128,443,184,84,38,138,210
35,Buffalo,24,16,8,.667,7.36,-1.16,,12,5,,8,3,,5,3,,1961,1748,,970,632,1530,.413,144,507,.284,340,446,.762,252,853,309,153,71,316,415
36,Butler,25,10,15,.400,5.73,10.89,,8,12,,8,4,,1,9,,1588,1717,,1015,633,1362,.465,179,512,.350,272,388,.701,194,848,345,128,92,307,418
37,Cal Poly,24,4,20,.167,-15.02,-2.97,,1,15,,3,8,,0,11,,1477,1700,,965,597,1358,.440,161,456,.353,345,487,.708,239,899,309,174,76,308,413
38,Cal State Bakersfield,26,15,11,.577,-1.73,-3.98,,11,7,,9,2,,6,8,,1811,1665,,1045,556,1303,.427,183,534,.343,370,524,.706,209,746,313,151,75,369,419
39,Cal State Fullerton,16,6,10,.375,-7.88,-4.61,,5,9,,5,4,,1,5,,1232,1257,,645,467,982,.476,133,339,.392,190,268,.709,158,579,269,109,53,222,306
40,Cal State Northridge,22,9,13,.409,-10.23,-3.51,,5,9,,4,7,,4,4,,1586,1709,,885,601,1284,.468,184,514,.358,323,425,.760,211,824,329,131,52,291,397
41,California Baptist,23,13,10,.565,-6.44,-6.23,,6,6,,11,4,,2,5,,1820,1674,,925,600,1359,.442,157,451,.348,317,482,.658,213,754,316,147,53,275,437
42,UC-Davis,18,10,8,.556,-7.30,-5.71,,7,5,,4,3,,4,3,,1295,1289,,735,448,962,.466,118,337,.350,275,385,.714,155,597,238,112,61,307,358
43,UC-Irvine,27,18,9,.667,1.92,-2.40,,13,4,,10,1,,6,6,,1950,1712,,1090,603,1559,.387,204,624,.327,302,430,.702,236,862,333,190,64,358,459
44,UC-Riverside,22,14,8,.636,2.51,-4.03,,10,5,,5,4,,7,3,,1544,1400,,890,506,1258,.402,140,440,.318,248,359,.691,190,723,240,108,60,244,322
45,UC-San Diego,17,7,10,.412,-8.54,-0.61,,4,10,,7,3,,0,7,,1214,1226,,685,473,1033,.458,123,346,.355,157,220,.714,170,642,263,117,43,239,240
46,UC-Santa Barbara NCAA,26,22,4,.846,5.99,-4.35,,15,3,,11,0,,8,4,,1989,1633,,1050,597,1422,.420,150,450,.333,289,386,.749,195,773,270,120,55,365,465
47,University of California,29,9,20,.310,2.46,7.32,,3,17,,6,8,,1,11,,1897,2008,,1160,723,1557,.464,190,508,.374,372,521,.714,220,941,372,178,82,336,495
48,Campbell,27,17,10,.630,-6.27,-6.79,,11,6,,9,3,,6,7,,1917,1840,,1095,673,1466,.459,171,555,.308,323,447,.723,261,894,294,153,60,389,482
49,Canisius,13,7,6,.538,-7.86,-7.09,,7,5,,3,1,,4,4,,915,925,,520,338,747,.452,79,232,.341,170,236,.720,117,475,149,70,45,188,236
50,Central Arkansas,24,5,19,.208,-15.03,-2.16,,4,12,,4,5,,1,14,,1701,1933,,960,694,1527,.454,218,587,.371,327,446,.733,245,850,397,224,81,285,414
51,Central Connecticut State,21,5,16,.238,-13.07,-4.21,,5,13,,3,6,,2,9,,1439,1625,,840,592,1260,.470,174,495,.352,267,383,.697,235,821,339,162,62,303,338
52,Central Florida,23,11,12,.478,6.03,8.25,,8,10,,6,3,,4,8,,1546,1597,,925,564,1311,.430,165,504,.327,304,440,.691,252,801,321,159,61,307,378
53,Central Michigan,23,7,16,.304,-11.71,-3.56,,3,13,,5,7,,2,9,,1766,1835,,920,668,1466,.456,201,582,.345,298,395,.754,260,890,351,145,87,320,444
54,Charleston Southern,21,3,18,.143,-16.16,-5.66,,2,15,,1,9,,2,8,,1375,1550,,845,555,1251,.444,160,466,.343,280,425,.659,248,793,273,185,79,276,368
55,Charlotte,25,9,16,.360,-5.34,-2.09,,5,11,,6,7,,3,8,,1587,1668,,1025,622,1387,.448,175,536,.326,249,326,.764,196,798,332,173,88,311,398
56,Chattanooga,26,18,8,.692,-1.11,-2.48,,9,7,,9,3,,9,4,,1888,1801,,1050,688,1510,.456,178,537,.331,247,351,.704,215,907,338,135,98,344,415
57,Chicago State,9,0,9,.000,-31.33,1.90,,0,0,,0,0,,0,7,,499,798,,360,295,558,.529,81,205,.395,127,183,.694,110,382,174,58,26,104,132
58,Cincinnati,23,12,11,.522,4.22,7.44,,8,6,,5,5,,5,5,,1585,1659,,920,568,1300,.437,153,456,.336,370,492,.752,199,795,319,158,84,305,401
59,Citadel,25,13,12,.520,-5.58,-0.96,,5,11,,11,3,,1,8,,2019,1959,,1000,727,1626,.447,175,562,.311,330,435,.759,236,931,324,175,74,281,462
60,Clemson NCAA,23,16,7,.696,13.50,10.20,,10,6,,11,1,,2,5,,1502,1426,,925,506,1207,.419,165,488,.338,249,357,.697,200,746,258,151,69,324,353
61,Cleveland State NCAA,26,19,7,.731,-4.17,-5.05,,16,4,,9,2,,8,5,,1858,1835,,1065,622,1471,.423,192,624,.308,399,547,.729,294,918,330,166,71,364,432
62,Coastal Carolina,23,16,7,.696,-2.15,-8.15,,9,5,,12,1,,3,5,,1836,1535,,925,534,1394,.383,197,640,.308,270,403,.670,249,768,291,180,52,323,408
63,Colgate NCAA,15,14,1,.933,19.16,1.43,,11,1,,8,1,,6,0,,1295,1029,,605,388,951,.408,92,352,.261,161,238,.676,154,523,166,75,42,181,267
64,College of Charleston,19,9,10,.474,-4.10,-2.28,,6,4,,8,6,,1,3,,1341,1329,,780,465,1045,.445,150,416,.361,249,344,.724,162,638,241,91,57,222,308
65,Colorado State,24,18,6,.750,8.56,-0.49,,14,4,,10,1,,6,4,,1791,1571,,960,569,1390,.409,186,615,.302,247,385,.642,233,792,305,150,78,329,449
66,Colorado NCAA,30,22,8,.733,16.74,6.98,,14,6,,11,1,,6,6,,2191,1898,,1200,687,1641,.419,190,571,.333,334,460,.726,259,923,330,137,86,393,498
67,Columbia,0,0,0,,,,,0,0,,0,0,,0,0,,,,,,,,,,,,,,,,,,,,,
68,Connecticut NCAA,22,15,7,.682,17.12,9.21,,11,6,,7,3,,6,3,,1596,1422,,885,492,1200,.410,125,396,.316,313,443,.707,230,733,229,121,59,288,378
69,Coppin State,22,9,13,.409,-11.28,-4.97,,8,4,,5,3,,4,9,,1602,1741,,880,627,1506,.416,189,614,.308,298,407,.732,304,1027,306,159,62,357,451
70,Cornell,0,0,0,,,,,0,0,,0,0,,0,0,,,,,,,,,,,,,,,,,,,,,
71,Creighton NCAA,28,20,8,.714,17.59,8.91,,14,6,,11,3,,7,4,,2155,1912,,1130,694,1709,.406,214,667,.321,310,439,.706,304,1022,356,160,81,350,451
72,Dartmouth,0,0,0,,,,,0,0,,0,0,,0,0,,,,,,,,,,,,,,,,,,,,,
73,Davidson,21,13,8,.619,10.67,4.07,,7,4,,7,4,,4,2,,1518,1336,,845,472,1125,.420,155,464,.334,237,325,.729,151,630,226,99,49,221,339
74,Dayton,23,14,9,.609,7.46,4.94,,9,7,,8,3,,4,6,,1614,1556,,945,579,1368,.423,164,516,.318,234,365,.641,241,752,288,128,68,275,394
75,Delaware State,19,3,16,.158,-23.00,-5.23,,1,11,,3,6,,0,10,,1345,1629,,765,554,1183,.468,161,452,.356,360,509,.707,223,781,300,161,77,280,349
76,Delaware,15,7,8,.467,-4.23,-4.09,,5,4,,6,3,,1,4,,1013,1012,,600,361,856,.422,101,294,.344,189,263,.719,138,494,160,97,39,172,269
77,Denver,21,2,19,.095,-17.24,-6.64,,1,13,,2,10,,0,9,,1466,1662,,850,560,1174,.477,173,453,.382,369,479,.770,171,722,237,136,70,286,418
78,DePaul,19,5,14,.263,3.62,9.78,,2,13,,2,8,,2,5,,1250,1367,,770,470,1127,.417,141,457,.309,286,398,.719,225,715,262,139,75,274,306
79,Detroit Mercy,22,12,10,.545,-2.84,-5.39,,10,6,,7,5,,5,5,,1683,1627,,885,607,1311,.463,205,557,.368,208,294,.707,212,746,377,120,59,279,353
80,Dixie State,21,8,13,.381,-14.99,-4.42,,4,10,,5,7,,3,6,,1461,1603,,840,581,1285,.452,143,467,.306,298,449,.664,246,836,309,155,75,307,407
81,Drake NCAA,29,25,4,.862,9.53,-1.65,,15,3,,14,1,,9,2,,2245,1875,,1170,677,1604,.422,184,582,.316,337,458,.736,247,897,309,160,83,375,414
82,Drexel NCAA,19,12,7,.632,0.26,-4.37,,4,5,,3,2,,4,5,,1358,1270,,760,468,1061,.441,117,365,.321,217,289,.751,153,556,195,118,60,205,295
83,Duke,24,13,11,.542,14.04,9.33,,9,9,,8,5,,3,6,,1824,1711,,970,623,1368,.455,157,441,.356,308,436,.706,236,809,304,152,93,332,362
84,Duquesne,18,9,9,.500,3.47,3.64,,7,7,,5,2,,2,5,,1205,1208,,720,422,1011,.417,112,395,.284,252,359,.702,193,649,240,122,56,241,298
85,East Carolina,19,8,11,.421,1.13,3.97,,2,10,,7,6,,1,4,,1269,1291,,765,437,1032,.423,141,439,.321,276,388,.711,174,681,245,126,61,277,330
86,East Tennessee State,25,13,12,.520,2.07,0.73,,8,7,,8,4,,3,5,,1736,1654,,1005,573,1370,.418,211,617,.342,297,429,.692,223,823,321,161,77,344,421
87,Eastern Illinois,27,9,18,.333,-12.26,-6.75,,6,14,,5,7,,4,11,,1874,2023,,1095,722,1601,.451,217,597,.363,362,497,.728,276,985,400,200,80,361,408
88,Eastern Kentucky,29,22,7,.759,-2.22,-7.77,,15,5,,10,2,,9,4,,2372,2137,,1180,770,1735,.444,201,619,.325,396,546,.725,305,1144,442,179,81,555,479
89,Eastern Michigan,18,6,12,.333,-13.50,-0.50,,3,11,,5,4,,1,8,,1267,1362,,720,506,1057,.479,169,455,.371,181,268,.675,176,679,320,108,41,278,297
90,Eastern Washington NCAA,23,16,7,.696,2.42,-5.49,,12,3,,7,2,,6,5,,1795,1597,,920,583,1408,.414,154,499,.309,277,385,.719,220,793,258,131,50,273,422
91,Elon,19,10,9,.526,-4.47,-3.58,,4,7,,4,2,,3,6,,1249,1235,,760,421,985,.427,129,405,.319,264,402,.657,136,635,185,119,62,235,301
92,Evansville,25,9,16,.360,-4.71,0.13,,7,11,,8,4,,1,10,,1619,1740,,1015,645,1255,.514,150,366,.410,300,431,.696,165,800,280,129,56,289,399
93,Fairfield,27,10,17,.370,-10.71,-5.82,,7,11,,4,8,,3,8,,1668,1800,,1090,663,1517,.437,165,506,.326,309,466,.663,248,926,330,165,94,290,508
94,Fairleigh Dickinson,24,9,15,.375,-8.39,-4.68,,8,10,,4,6,,5,9,,1801,1890,,970,680,1460,.466,188,562,.335,342,495,.691,282,889,397,168,80,337,412
95,Florida A&M,20,8,12,.400,-11.95,-9.15,,7,5,,4,1,,4,10,,1314,1370,,800,496,1161,.427,120,421,.285,258,393,.656,233,708,239,147,53,304,347
96,Florida Atlantic,23,13,10,.565,-1.85,-4.74,,7,5,,7,1,,4,7,,1796,1537,,925,533,1288,.414,160,470,.340,311,447,.696,193,749,239,125,60,327,392
97,Florida Gulf Coast,18,10,8,.556,-9.45,-6.95,,4,4,,7,4,,2,2,,1292,1242,,720,461,1095,.421,128,409,.313,192,279,.688,191,675,213,128,63,260,284
98,Florida International,26,9,17,.346,-10.96,-3.01,,2,15,,7,8,,2,9,,1914,1985,,1055,725,1535,.472,175,486,.360,360,505,.713,285,995,335,183,72,431,393
99,Florida State NCAA,22,16,6,.727,17.98,9.39,,11,4,,12,1,,3,4,,1736,1547,,890,514,1290,.398,172,516,.333,347,468,.741,259,722,254,158,63,306,365
100,Florida NCAA,23,14,9,.609,14.91,10.78,,9,7,,6,3,,5,5,,1701,1606,,920,566,1344,.421,145,475,.305,329,468,.703,265,785,293,171,81,334,409
101,Fordham,14,2,12,.143,-10.44,4.34,,2,11,,2,5,,0,6,,725,932,,560,332,763,.435,122,365,.334,146,212,.689,140,539,217,95,37,173,210
102,Fresno State,24,12,12,.500,-3.52,0.11,,9,11,,7,5,,4,6,,1591,1618,,965,567,1309,.433,175,501,.349,309,422,.732,202,774,264,160,76,314,447
103,Furman,25,16,9,.640,6.49,-1.19,,10,5,,11,1,,5,7,,1990,1723,,1005,635,1440,.441,181,559,.324,272,423,.643,228,825,326,179,69,370,366
104,Gardner-Webb,26,11,15,.423,-3.28,-5.55,,10,10,,7,4,,4,11,,1837,1778,,1040,598,1434,.417,199,583,.341,383,523,.732,256,913,334,142,82,317,429
105,George Mason,22,13,9,.591,3.01,1.58,,8,6,,7,3,,3,4,,1569,1538,,905,558,1275,.438,162,456,.355,260,359,.724,186,774,247,144,57,310,370
106,George Washington,17,5,12,.294,-4.56,-0.38,,3,5,,3,6,,1,5,,1158,1229,,685,463,1034,.448,129,377,.342,174,258,.674,178,598,252,122,62,197,274
107,Georgetown NCAA,25,13,12,.520,11.73,11.05,,7,9,,7,6,,2,6,,1784,1767,,1005,645,1553,.415,201,617,.326,276,402,.687,268,877,363,194,70,286,430
108,Georgia Southern,26,13,13,.500,-9.73,-5.77,,7,9,,9,4,,4,8,,1860,1762,,1070,622,1469,.423,201,575,.350,317,448,.708,258,894,274,186,72,410,435
109,Georgia State,22,16,6,.727,-1.21,-4.11,,8,4,,9,1,,5,4,,1767,1599,,900,554,1342,.413,185,547,.338,306,439,.697,265,814,268,138,63,324,384
110,Georgia Tech NCAA,25,17,8,.680,14.07,8.55,,11,6,,11,3,,4,5,,1888,1750,,1025,643,1402,.459,178,486,.366,286,405,.706,239,860,350,136,73,397,385
111,Georgia,26,14,12,.538,7.04,8.44,,7,11,,12,5,,2,6,,2014,2027,,1045,736,1609,.457,204,601,.339,351,499,.703,300,943,355,223,116,431,500
112,Gonzaga NCAA,26,26,0,1.000,26.38,3.38,,15,0,,12,0,,7,0,,2395,1797,,1040,665,1589,.419,178,548,.325,289,411,.703,225,796,298,156,75,397,521
113,Grambling,24,12,12,.500,-14.78,-13.00,,9,6,,6,4,,5,7,,1617,1649,,965,558,1399,.399,181,533,.340,352,529,.665,271,879,348,184,109,359,441
114,Grand Canyon NCAA,23,17,6,.739,3.81,-5.79,,9,3,,10,3,,5,1,,1738,1405,,920,492,1306,.377,158,548,.288,263,373,.705,189,695,224,132,45,273,415
115,Green Bay,25,8,17,.320,-9.38,-4.46,,8,12,,6,6,,2,11,,1790,1913,,1030,695,1468,.473,182,503,.362,341,468,.729,241,899,312,142,67,294,406
116,Hampton,25,11,14,.440,-13.02,-8.62,,9,9,,5,7,,6,7,,1721,1831,,1000,637,1487,.428,190,562,.338,367,527,.696,301,992,318,161,68,314,379
117,Hartford NCAA,23,15,8,.652,-2.76,-5.36,,8,6,,10,1,,5,6,,1515,1455,,920,543,1300,.418,152,529,.287,217,325,.668,231,797,262,123,77,312,372
118,Harvard,0,0,0,,,,,0,0,,0,0,,0,0,,,,,,,,,,,,,,,,,,,,,
119,Hawaii,21,11,10,.524,-4.52,-4.26,,9,9,,7,5,,4,4,,1503,1452,,855,541,1220,.443,121,370,.327,249,342,.728,174,674,220,148,58,254,383
120,High Point,24,9,15,.375,-10.16,-6.95,,6,11,,5,5,,4,10,,1600,1677,,965,582,1311,.444,209,589,.355,304,447,.680,225,817,339,150,102,327,462
121,Hofstra,23,13,10,.565,-1.80,-1.98,,8,6,,7,3,,5,6,,1683,1679,,925,618,1383,.447,178,527,.338,265,357,.742,234,816,373,136,72,277,420
122,Holy Cross,16,5,11,.313,-0.17,5.27,,5,11,,2,7,,3,4,,1130,1217,,645,436,934,.467,110,309,.356,235,329,.714,171,587,212,111,51,210,254
123,Houston Baptist,25,6,19,.240,-16.93,-5.93,,4,11,,4,6,,1,12,,1776,2007,,1005,740,1573,.470,208,605,.344,319,444,.718,281,952,391,224,79,356,446
124,Houston NCAA,27,24,3,.889,22.16,4.16,,14,3,,15,0,,5,3,,2096,1562,,1080,517,1396,.370,146,531,.275,382,580,.659,274,864,269,135,68,395,462
125,Howard,5,1,4,.200,-13.77,-2.02,,0,0,,1,1,,0,0,,363,424,,200,156,333,.468,49,137,.358,63,101,.624,60,198,98,41,15,44,97
126,Idaho State,24,13,11,.542,-9.83,-7.14,,8,6,,8,3,,5,5,,1637,1481,,970,524,1297,.404,140,409,.342,293,428,.685,203,712,234,173,45,312,496
127,Idaho,22,1,21,.045,-19.82,-4.41,,1,17,,1,9,,0,11,,1343,1682,,890,588,1244,.473,174,457,.381,332,445,.746,213,753,286,196,67,257,368
128,Illinois-Chicago,22,9,13,.409,-11.38,-6.75,,6,10,,7,4,,2,9,,1489,1591,,890,587,1333,.440,107,356,.301,310,452,.686,219,818,261,141,55,220,326
129,Illinois State,25,7,18,.280,-5.23,0.60,,4,14,,3,8,,3,9,,1799,1870,,1015,692,1546,.448,198,641,.309,288,398,.724,238,899,398,175,62,299,368
130,Illinois NCAA,29,23,6,.793,24.82,12.65,,16,4,,11,2,,9,3,,2361,2008,,1175,725,1760,.412,190,581,.327,368,537,.685,245,880,321,194,112,336,582
131,Incarnate Word,22,8,14,.364,-16.08,-8.50,,5,9,,5,7,,3,6,,1495,1578,,885,586,1264,.464,126,413,.305,280,409,.685,227,770,313,147,67,282,385
132,Indiana State,25,15,10,.600,2.24,2.11,,11,7,,9,3,,5,6,,1662,1645,,1000,607,1347,.451,174,512,.340,257,368,.698,212,832,332,129,66,367,444
133,Indiana,27,12,15,.444,13.83,13.50,,7,12,,6,6,,3,7,,1882,1873,,1115,655,1539,.426,193,578,.334,370,516,.717,260,973,319,159,98,330,534
134,Iona NCAA,17,12,5,.706,-0.86,-7.15,,6,3,,4,2,,4,3,,1228,1121,,680,363,910,.399,104,345,.301,291,421,.691,158,535,197,125,43,233,330
135,Iowa State,24,2,22,.083,-0.53,10.60,,0,18,,2,10,,0,11,,1574,1841,,960,652,1408,.463,159,482,.330,378,510,.741,273,913,318,194,78,312,333
136,Iowa NCAA,29,21,8,.724,23.19,11.36,,14,6,,14,2,,6,4,,2429,2086,,1165,772,1864,.414,257,739,.348,285,422,.675,336,1075,462,155,88,337,541
137,Purdue-Fort Wayne,23,8,15,.348,-11.39,-7.87,,6,14,,5,6,,3,9,,1728,1809,,955,650,1416,.459,187,557,.336,322,431,.747,242,741,325,179,54,282,364
138,IUPUI,18,8,10,.444,-10.89,-6.28,,7,9,,4,5,,4,5,,1281,1364,,720,493,1039,.474,110,361,.305,268,365,.734,149,642,232,122,38,247,288
139,Jackson State,18,12,6,.667,-11.54,-14.32,,11,0,,6,0,,5,5,,1181,1131,,730,385,978,.394,84,277,.303,277,402,.689,171,631,174,119,58,283,334
140,Jacksonville State,27,18,9,.667,-2.60,-5.64,,13,6,,8,3,,7,5,,2005,1851,,1095,674,1642,.410,225,686,.328,278,412,.675,287,915,352,166,72,307,447
141,Jacksonville,24,11,13,.458,-10.94,-6.53,,5,9,,7,5,,4,8,,1622,1668,,965,615,1400,.439,182,552,.330,256,370,.692,242,866,312,153,61,351,433
142,James Madison,20,13,7,.650,0.76,-2.30,,8,2,,10,3,,3,3,,1562,1409,,800,480,1165,.412,170,540,.315,279,374,.746,212,741,265,119,64,321,396
143,Kansas State,29,9,20,.310,0.80,9.09,,4,14,,6,12,,2,7,,1792,2037,,1160,720,1566,.460,232,636,.365,365,494,.739,256,955,392,227,90,386,442
144,Kansas NCAA,28,20,8,.714,16.60,10.27,,12,6,,14,1,,4,6,,2047,1841,,1125,664,1635,.406,201,617,.326,310,431,.719,270,962,315,175,81,390,465
145,Kennesaw State,24,5,19,.208,-13.92,-3.44,,1,13,,4,9,,0,9,,1571,1672,,960,606,1341,.452,142,448,.317,318,440,.723,185,814,250,166,58,306,417
146,Kent State,23,15,8,.652,2.48,-1.16,,12,6,,9,2,,6,5,,1764,1635,,925,585,1385,.422,190,550,.345,275,390,.705,235,776,294,154,60,300,391
147,Kentucky,25,9,16,.360,12.44,12.16,,8,9,,5,6,,4,7,,1761,1754,,1010,628,1521,.413,164,525,.312,334,451,.741,286,905,307,154,91,317,456
148,La Salle,25,9,16,.360,-2.26,4.15,,6,11,,6,3,,3,11,,1702,1838,,1005,645,1418,.455,175,534,.328,373,502,.743,243,881,367,180,73,342,362
149,Lafayette,15,9,6,.600,-1.24,-2.24,,9,5,,6,3,,3,3,,1165,1150,,620,422,919,.459,92,277,.332,214,310,.690,156,584,202,76,45,174,263
150,Lamar,28,10,18,.357,-13.24,-6.70,,7,10,,5,5,,3,11,,1843,2026,,1130,747,1645,.454,226,584,.387,306,452,.677,281,1030,420,195,92,394,474
151,Lehigh,15,4,11,.267,-8.71,-0.45,,4,10,,1,5,,3,6,,1025,1149,,605,412,879,.469,111,303,.366,214,288,.743,120,533,212,106,49,182,241
152,Liberty NCAA,28,23,5,.821,4.31,-6.69,,11,2,,13,0,,5,3,,2097,1670,,1120,611,1492,.410,168,539,.312,280,406,.690,195,829,259,147,57,328,390
153,Lipscomb,27,15,12,.556,-6.91,-5.48,,9,6,,10,4,,4,7,,1922,1848,,1085,695,1606,.433,219,685,.320,239,340,.703,256,931,343,159,82,347,434
154,Cal State Long Beach,18,6,12,.333,-9.93,-4.27,,4,8,,4,3,,1,8,,1328,1430,,740,497,1157,.430,151,439,.344,285,405,.704,222,712,247,134,51,242,351
155,Long Island University,18,9,9,.500,-5.73,-6.79,,9,9,,6,3,,3,6,,1332,1313,,720,485,1095,.443,123,384,.320,220,311,.707,185,674,253,119,52,280,320
156,Longwood,28,12,16,.429,-7.32,-6.25,,10,10,,8,5,,4,11,,1854,1886,,1120,662,1478,.448,207,664,.312,355,493,.720,241,927,323,177,94,383,477
157,Louisiana,26,17,9,.654,-4.88,-5.55,,10,7,,10,3,,6,4,,1934,1892,,1050,684,1614,.424,169,507,.333,355,474,.749,267,894,361,178,82,315,428
158,Louisiana-Monroe,26,7,19,.269,-10.63,-5.94,,5,13,,5,8,,2,10,,1670,1792,,1045,626,1432,.437,191,523,.365,349,487,.717,274,972,328,169,76,375,395
159,Louisiana State NCAA,27,18,9,.667,15.68,8.90,,11,6,,11,2,,4,6,,2217,2034,,1085,724,1729,.419,230,766,.300,356,504,.706,354,1028,368,164,97,363,492
160,Louisiana Tech,28,21,7,.750,6.50,-1.50,,12,4,,15,1,,5,5,,2059,1810,,1120,658,1650,.399,186,634,.293,308,432,.713,251,977,323,173,86,375,509
161,Louisville,20,13,7,.650,11.20,9.75,,8,5,,9,2,,4,4,,1359,1330,,805,482,1141,.422,141,463,.305,225,340,.662,191,669,240,117,72,221,345
162,Loyola (IL) NCAA,28,24,4,.857,14.60,-0.09,,16,2,,13,0,,8,3,,2002,1555,,1130,587,1444,.407,158,485,.326,223,318,.701,183,775,261,143,75,389,456
163,Loyola Marymount,22,13,9,.591,4.53,3.03,,7,5,,8,3,,4,5,,1529,1496,,885,526,1181,.445,149,432,.345,295,411,.718,143,599,287,150,73,259,433
164,Loyola (MD),17,6,11,.353,1.74,0.56,,4,10,,3,4,,3,7,,1226,1206,,710,421,981,.429,126,363,.347,238,328,.726,154,573,216,137,51,234,332
165,Maine,9,2,7,.222,-14.86,-3.42,,2,6,,1,1,,1,6,,478,581,,360,208,487,.427,59,190,.311,106,151,.702,92,319,107,74,19,122,140
166,Manhattan,20,7,13,.350,-11.49,-7.64,,6,12,,4,6,,3,6,,1268,1345,,825,443,1044,.424,114,345,.330,345,489,.706,197,738,246,121,82,311,405
167,Marist,21,12,9,.571,-8.25,-8.06,,10,8,,6,3,,6,5,,1332,1336,,850,460,1174,.392,154,499,.309,262,378,.693,197,727,250,142,59,255,369
168,Marquette,27,13,14,.481,9.27,9.34,,8,11,,7,7,,6,6,,1883,1885,,1085,666,1609,.414,202,596,.339,351,483,.727,285,913,362,197,86,294,481
169,Marshall,22,15,7,.682,6.00,-1.37,,9,5,,9,3,,6,3,,1758,1596,,885,587,1351,.434,175,488,.359,247,371,.666,234,819,263,154,60,321,342
170,Maryland-Baltimore County,20,14,6,.700,-0.12,-4.77,,10,4,,5,4,,9,2,,1391,1298,,800,463,1167,.397,158,480,.329,214,299,.716,178,680,212,107,56,245,373
171,Maryland-Eastern Shore,0,0,0,,,,,0,0,,0,0,,0,0,,,,,,,,,,,,,,,,,,,,,
172,Maryland NCAA,29,16,13,.552,15.32,12.85,,9,11,,11,6,,4,6,,1995,1884,,1160,673,1646,.409,233,686,.340,305,426,.716,247,972,349,166,75,322,495
173,Massachusetts-Lowell,23,11,12,.478,-5.30,-2.87,,7,8,,3,4,,6,6,,1575,1631,,920,556,1304,.426,150,474,.316,369,515,.717,215,759,234,141,61,260,447
174,Massachusetts,15,8,7,.533,5.98,2.25,,6,4,,4,3,,3,3,,1151,1095,,615,403,880,.458,90,266,.338,199,294,.677,131,555,230,105,53,221,280
175,McNeese State,24,10,14,.417,-18.50,-11.61,,4,11,,7,5,,3,8,,1927,1722,,960,635,1423,.446,185,513,.361,267,401,.666,219,777,338,181,84,367,415
176,Memphis,24,16,8,.667,12.77,3.56,,11,4,,10,1,,4,3,,1730,1509,,960,518,1342,.386,141,520,.271,332,484,.686,221,795,265,149,76,390,423
177,Mercer,29,18,11,.621,1.78,-1.11,,8,9,,9,4,,6,6,,2225,2082,,1180,772,1764,.438,216,679,.318,322,457,.705,261,972,350,182,74,350,437
178,Merrimack,18,9,9,.500,-7.03,-6.64,,9,9,,6,3,,3,6,,1193,1200,,725,425,1007,.422,116,337,.344,234,332,.705,200,671,246,121,41,269,300
179,Miami (FL),27,10,17,.370,4.13,8.65,,4,15,,7,8,,1,8,,1794,1916,,1085,722,1610,.448,248,656,.378,224,318,.704,245,936,401,188,112,331,420
180,Miami (OH),23,12,11,.522,-2.06,-2.11,,9,8,,7,4,,5,6,,1663,1647,,925,598,1335,.448,196,550,.356,255,360,.708,226,809,316,125,85,282,376
181,Michigan State NCAA,27,15,12,.556,10.99,12.51,,9,11,,12,3,,3,8,,1864,1905,,1080,662,1558,.425,167,530,.315,414,579,.715,254,926,358,179,83,287,483
182,Michigan NCAA,24,20,4,.833,23.33,12.45,,14,3,,13,1,,6,2,,1830,1569,,965,572,1451,.394,159,475,.335,266,355,.749,224,751,243,115,64,246,386
183,Middle Tennessee,23,5,18,.217,-10.53,-0.53,,3,13,,5,6,,0,9,,1426,1627,,920,610,1293,.472,140,437,.320,267,378,.706,186,827,299,174,76,320,329
184,Milwaukee,22,10,12,.455,-6.95,-6.23,,7,10,,4,5,,6,6,,1662,1678,,900,582,1288,.452,192,507,.379,322,451,.714,208,830,323,114,62,297,426
185,Minnesota,29,14,15,.483,12.04,12.73,,6,14,,13,4,,0,10,,2103,2123,,1175,760,1722,.441,192,546,.352,411,591,.695,332,1158,432,155,78,394,570
186,Mississippi State,29,15,14,.517,8.97,6.73,,8,10,,9,6,,5,4,,1997,1932,,1180,693,1719,.403,229,709,.323,317,415,.764,295,931,404,198,107,347,469
187,Mississippi Valley State,24,2,22,.083,-38.54,-8.00,,2,13,,1,5,,1,16,,1364,2097,,960,771,1592,.484,207,578,.358,348,518,.672,322,1087,440,222,67,263,369
188,Mississippi,27,16,11,.593,12.04,6.34,,10,8,,10,4,,5,6,,1866,1712,,1085,601,1428,.421,187,524,.357,323,471,.686,246,860,351,179,86,414,463
189,Missouri-Kansas City,24,11,13,.458,-5.41,-3.16,,7,7,,8,3,,2,8,,1683,1502,,960,484,1118,.433,136,418,.325,398,577,.690,175,721,259,127,74,378,392
190,Missouri State,24,17,7,.708,5.23,0.05,,12,6,,9,4,,7,2,,1762,1594,,960,581,1418,.410,164,503,.326,268,390,.687,198,768,250,135,60,246,400
191,Missouri NCAA,25,16,9,.640,12.75,11.03,,8,8,,8,4,,6,4,,1841,1798,,1010,631,1463,.431,158,482,.328,378,532,.711,265,884,282,156,101,327,478
192,Monmouth,20,12,8,.600,-5.17,-6.92,,12,6,,7,2,,5,5,,1521,1486,,815,504,1200,.420,159,484,.329,319,461,.692,220,792,280,131,85,317,418
193,Montana State,23,13,10,.565,-7.00,-6.00,,8,6,,5,3,,6,6,,1703,1655,,935,554,1292,.429,172,499,.345,375,484,.775,193,756,246,135,66,311,471
194,Montana,28,15,13,.536,-5.15,-3.06,,7,9,,8,4,,5,8,,1981,1876,,1135,667,1555,.429,162,520,.312,380,567,.670,252,919,324,165,77,351,507
195,Morehead State NCAA,30,23,7,.767,-0.42,-4.53,,17,3,,12,1,,8,5,,2065,1902,,1210,704,1743,.404,222,723,.307,272,403,.675,263,928,350,232,94,368,539
196,Morgan State,22,14,8,.636,-5.42,-10.11,,7,5,,5,5,,7,2,,1755,1606,,880,533,1263,.422,159,520,.306,381,532,.716,238,792,267,161,76,388,436
197,Mount St. Mary's NCAA,22,12,10,.545,-3.34,-4.75,,9,7,,6,3,,6,6,,1402,1371,,890,504,1243,.405,123,408,.301,240,306,.784,189,702,208,149,63,232,388
198,Murray State,26,13,13,.500,-2.46,-7.79,,10,10,,9,4,,4,8,,1986,1739,,1045,620,1478,.419,193,604,.320,306,445,.688,227,832,292,136,102,348,369
199,Navy,18,15,3,.833,4.53,0.03,,12,1,,8,2,,6,1,,1287,1206,,730,436,950,.459,124,369,.336,210,309,.680,142,569,234,110,64,275,355
200,Omaha,25,5,20,.200,-13.18,-2.54,,3,11,,1,5,,3,12,,1683,1949,,1000,698,1500,.465,209,544,.384,344,467,.737,232,942,346,159,70,303,436
201,Nebraska,27,7,20,.259,7.08,13.27,,3,16,,6,9,,1,10,,1889,2004,,1085,711,1686,.422,240,771,.311,342,476,.718,291,1073,388,184,98,356,466
202,Nevada-Las Vegas,27,12,15,.444,-1.36,1.12,,8,10,,8,4,,3,7,,1875,1822,,1080,618,1470,.420,232,637,.364,354,486,.728,223,875,369,136,83,324,400
203,Nevada,26,16,10,.615,5.26,1.98,,8,7,,10,2,,2,7,,1916,1812,,1040,592,1448,.409,212,638,.332,416,582,.715,231,897,356,169,66,324,505
204,New Hampshire,19,10,9,.526,-7.32,-5.82,,9,6,,5,6,,5,3,,1278,1266,,765,434,1011,.429,122,355,.344,276,386,.715,139,665,182,101,68,237,358
205,New Mexico State,20,12,8,.600,-2.30,-6.18,,7,6,,4,2,,5,5,,1422,1283,,800,452,1051,.430,124,383,.324,255,358,.712,154,609,231,94,42,257,360
206,New Mexico,22,6,16,.273,-12.44,-1.79,,1,8,,0,0,,3,8,,1436,1578,,890,557,1255,.444,180,528,.341,284,414,.686,213,771,319,177,67,299,399
207,New Orleans,25,10,15,.400,-11.07,-9.90,,8,7,,6,3,,2,10,,1899,1910,,1010,684,1511,.453,159,499,.319,383,559,.685,293,887,335,209,94,393,446
208,Niagara,20,9,11,.450,-6.83,-6.28,,7,9,,5,3,,3,7,,1293,1304,,800,453,1067,.425,150,442,.339,248,347,.715,186,722,276,93,65,264,369
209,Nicholls State,25,18,7,.720,-5.66,-9.16,,14,2,,8,1,,7,5,,1960,1831,,1010,644,1503,.428,186,538,.346,357,512,.697,261,946,317,144,67,395,428
210,NJIT,19,7,12,.368,-8.98,-4.93,,6,10,,3,5,,4,6,,1256,1333,,770,494,1065,.464,127,383,.332,218,313,.696,175,707,241,88,65,274,363
211,Norfolk State NCAA,23,16,7,.696,-4.82,-9.39,,8,4,,7,4,,6,3,,1730,1591,,925,523,1296,.404,183,579,.316,362,527,.687,242,831,283,127,81,359,453
212,North Alabama,24,13,11,.542,-9.85,-6.10,,7,8,,8,4,,3,6,,1756,1666,,970,577,1378,.419,199,583,.341,313,454,.689,206,840,253,140,70,341,417
213,North Carolina-Asheville,20,10,10,.500,-6.42,-7.02,,9,5,,6,4,,4,6,,1468,1456,,815,533,1192,.447,120,370,.324,270,385,.701,240,747,239,131,81,280,329
214,North Carolina A&T,21,11,10,.524,-13.84,-7.63,,7,1,,5,4,,5,6,,1517,1523,,845,550,1264,.435,170,488,.348,253,377,.671,256,849,330,123,84,392,402
215,North Carolina Central,14,5,9,.357,-15.34,-8.11,,3,5,,4,2,,0,6,,942,1003,,565,346,771,.449,94,275,.342,217,299,.726,150,522,201,91,46,215,256
216,North Carolina-Greensboro NCAA,29,21,8,.724,3.91,-2.26,,13,5,,7,3,,10,3,,2135,1956,,1165,664,1605,.414,215,675,.319,413,584,.707,262,1053,329,143,77,431,462
217,North Carolina State,23,13,10,.565,10.18,7.22,,9,8,,7,4,,5,5,,1684,1616,,925,591,1304,.453,160,450,.356,274,381,.719,249,786,298,142,85,351,400
218,North Carolina-Wilmington,17,7,10,.412,-6.04,-5.66,,1,6,,3,4,,3,4,,1297,1253,,685,463,987,.469,93,292,.318,234,310,.755,168,605,190,90,53,239,319
219,North Carolina NCAA,28,18,10,.643,16.30,10.01,,10,6,,10,1,,3,7,,2119,1943,,1120,704,1673,.421,220,638,.345,315,454,.694,273,906,361,241,125,389,515
220,North Dakota State,27,15,12,.556,-1.20,-3.27,,11,5,,6,2,,5,7,,1883,1827,,1085,674,1541,.437,191,566,.337,288,405,.711,182,819,324,136,73,249,448
221,North Dakota,26,9,17,.346,-10.98,-3.98,,8,8,,5,3,,3,11,,1787,1969,,1055,715,1519,.471,186,484,.384,353,462,.764,227,928,334,167,88,308,477
222,North Florida,23,8,15,.348,-11.19,-4.33,,6,6,,5,3,,3,10,,1601,1725,,920,629,1405,.448,139,418,.333,328,445,.737,288,849,350,183,68,251,357
223,North Texas NCAA,26,17,9,.654,7.43,-0.21,,9,5,,8,3,,5,6,,1815,1592,,1045,563,1376,.409,154,473,.326,312,432,.722,229,797,235,167,74,370,393
224,Northeastern,19,10,9,.526,-0.21,0.90,,8,2,,5,1,,4,7,,1277,1298,,765,479,1109,.432,113,349,.324,227,325,.698,177,675,220,129,41,225,294
225,Northern Arizona,22,6,16,.273,-14.25,-2.89,,4,10,,1,7,,4,7,,1390,1640,,885,583,1164,.501,190,513,.370,284,386,.736,174,745,331,118,66,266,384
226,Northern Colorado,22,11,11,.500,-8.06,-5.59,,6,8,,6,5,,4,5,,1551,1519,,885,562,1261,.446,87,293,.297,308,409,.753,155,694,199,137,55,233,367
227,Northern Illinois,19,3,16,.158,-17.15,-2.05,,2,12,,2,7,,1,9,,1184,1471,,765,511,1096,.466,177,454,.390,272,370,.735,201,704,300,115,58,217,300
228,Northern Iowa,25,10,15,.400,-1.65,2.53,,7,11,,6,5,,3,7,,1738,1779,,1010,651,1437,.453,200,609,.328,277,376,.737,178,837,342,183,71,303,390
229,Northern Kentucky,25,14,11,.560,-6.01,-6.13,,11,7,,9,4,,5,6,,1784,1781,,1015,641,1421,.451,188,530,.355,311,462,.673,275,843,345,153,54,317,413
230,Northwestern State,29,11,18,.379,-13.76,-5.22,,9,7,,6,4,,4,12,,2106,2312,,1170,843,1783,.473,201,623,.323,425,620,.685,335,1148,467,215,90,391,485
231,Northwestern,24,9,15,.375,10.86,12.91,,6,13,,7,6,,2,8,,1686,1681,,970,586,1368,.428,193,583,.331,316,446,.709,212,860,357,143,78,308,390
232,Notre Dame,26,11,15,.423,8.74,10.40,,7,11,,6,5,,4,8,,1890,1933,,1040,737,1665,.443,219,598,.366,240,328,.732,288,952,360,158,99,223,394
233,Oakland,30,12,18,.400,-8.51,-1.98,,10,10,,5,4,,6,11,,2240,2436,,1240,919,1937,.474,309,828,.373,289,412,.701,358,1167,630,189,110,410,542
234,Ohio State NCAA,30,21,9,.700,19.93,13.56,,12,8,,10,4,,7,4,,2320,2129,,1210,742,1751,.424,227,665,.341,418,592,.706,299,1009,411,139,81,306,572
235,Ohio NCAA,23,16,7,.696,5.75,-1.30,,9,5,,8,3,,4,4,,1860,1685,,920,598,1348,.444,180,531,.339,309,406,.761,216,772,319,131,55,330,412
236,Oklahoma State NCAA,28,20,8,.714,14.15,9.97,,11,7,,10,3,,8,4,,2158,2041,,1145,726,1762,.412,209,656,.319,380,538,.706,334,994,352,232,117,402,506
237,Oklahoma NCAA,25,15,10,.600,13.74,8.22,,9,8,,10,3,,4,7,,1869,1731,,1015,637,1512,.421,204,576,.354,253,344,.735,250,907,300,140,77,329,414
238,Old Dominion,23,15,8,.652,-0.69,-0.46,,11,5,,9,1,,6,6,,1571,1556,,925,547,1305,.419,196,559,.351,266,382,.696,205,779,303,147,77,300,375
239,Oral Roberts NCAA,26,16,10,.615,-0.78,-2.60,,10,5,,8,3,,5,7,,2126,1970,,1040,707,1637,.432,185,531,.348,371,531,.699,312,1013,312,147,75,347,437
240,Oregon State NCAA,29,17,12,.586,7.53,7.67,,10,10,,10,6,,4,6,,2049,1981,,1170,686,1562,.439,181,589,.307,428,589,.727,274,969,363,146,80,364,523
241,Oregon NCAA,26,20,6,.769,13.60,6.64,,14,4,,11,2,,7,2,,1934,1753,,1040,631,1449,.435,191,569,.336,300,393,.763,232,834,342,126,70,359,415
242,Pacific,18,9,9,.500,1.55,4.14,,6,7,,6,2,,3,6,,1256,1272,,735,444,1017,.437,145,424,.342,239,328,.729,134,582,223,83,52,230,308
243,Penn State,25,11,14,.440,14.72,15.08,,7,12,,7,5,,3,8,,1816,1825,,1010,649,1398,.464,185,537,.345,342,469,.729,200,851,363,139,106,347,432
244,Pennsylvania,0,0,0,,,,,0,0,,0,0,,0,0,,,,,,,,,,,,,,,,,,,,,
245,Pepperdine,24,12,12,.500,3.56,5.01,,7,6,,7,5,,3,5,,1830,1790,,980,639,1452,.440,149,548,.272,363,497,.730,241,865,333,164,46,322,471
246,Pittsburgh,22,10,12,.455,8.77,7.73,,6,10,,7,6,,3,5,,1566,1543,,880,543,1249,.435,163,505,.323,294,415,.708,199,729,348,130,93,263,386
247,Portland State,22,9,13,.409,-7.91,-6.25,,6,8,,7,6,,2,6,,1512,1463,,885,498,1140,.437,139,383,.363,328,475,.691,163,762,273,125,64,360,418
248,Portland,21,6,15,.286,-14.03,3.63,,0,11,,5,8,,1,6,,1459,1748,,845,661,1315,.503,204,544,.375,222,297,.747,213,814,405,137,91,299,402
249,Prairie View,21,16,5,.762,-8.49,-15.53,,13,0,,8,0,,5,3,,1497,1349,,840,461,1097,.420,117,368,.318,310,505,.614,231,757,231,144,66,382,319
250,Presbyterian,22,7,15,.318,-13.39,-8.44,,5,12,,5,6,,2,9,,1411,1476,,885,506,1106,.458,138,399,.346,326,465,.701,184,703,254,156,81,331,411
251,Princeton,0,0,0,,,,,0,0,,0,0,,0,0,,,,,,,,,,,,,,,,,,,,,
252,Providence,26,13,13,.500,9.93,9.81,,9,10,,8,3,,4,7,,1816,1813,,1060,668,1533,.436,154,518,.297,323,462,.699,278,947,326,165,87,299,459
253,Purdue NCAA,27,18,9,.667,17.27,12.46,,13,6,,11,1,,5,6,,1920,1790,,1085,629,1520,.414,219,695,.315,311,461,.675,229,848,380,151,93,307,497
254,Quinnipiac,22,9,13,.409,-8.30,-6.80,,7,10,,8,5,,1,5,,1485,1518,,895,531,1362,.390,141,469,.301,315,445,.708,240,873,270,158,87,277,403
255,Radford,27,15,12,.556,-5.58,-5.98,,12,6,,9,5,,6,6,,1826,1745,,1100,628,1501,.418,222,603,.368,267,366,.730,224,789,311,169,72,330,513
256,Rhode Island,25,10,15,.400,6.15,5.79,,7,10,,6,3,,2,9,,1786,1777,,1020,622,1495,.416,186,563,.330,347,501,.693,247,877,341,175,95,314,475
257,Rice,28,15,13,.536,-3.73,-1.49,,6,10,,9,3,,3,9,,2068,2062,,1120,790,1768,.447,217,614,.353,265,378,.701,265,983,411,216,96,350,446
258,Richmond,22,14,8,.636,9.97,5.69,,6,5,,6,4,,5,3,,1650,1519,,880,569,1238,.460,142,451,.315,239,348,.687,201,767,262,117,58,335,334
259,Rider,23,6,17,.261,-11.54,-5.06,,5,13,,1,8,,4,8,,1553,1702,,925,601,1299,.463,184,521,.353,316,468,.675,204,785,322,148,73,273,395
260,Robert Morris,19,4,15,.211,-12.44,-4.77,,3,12,,3,6,,1,9,,1374,1494,,790,527,1125,.468,162,421,.385,278,385,.722,220,715,276,122,50,261,290
261,Rutgers NCAA,26,15,11,.577,15.17,13.44,,10,10,,10,4,,4,6,,1819,1774,,1045,627,1494,.420,171,532,.321,349,496,.704,274,948,352,175,85,339,423
262,Sacramento State,20,8,12,.400,-9.12,-5.01,,5,9,,5,3,,3,8,,1443,1442,,815,527,1090,.483,137,383,.358,251,337,.745,155,654,268,90,42,256,343
263,Sacred Heart,18,9,9,.500,-10.22,-5.50,,9,7,,4,3,,5,6,,1265,1350,,735,506,1119,.452,122,371,.329,216,309,.699,210,676,233,106,74,191,325
264,Saint Francis (PA),22,6,16,.273,-8.46,-3.96,,5,13,,4,6,,2,10,,1515,1614,,890,591,1301,.454,157,501,.313,275,383,.718,221,784,294,152,80,288,394
265,Saint Joseph's,20,5,15,.250,-3.45,7.01,,3,9,,3,3,,1,9,,1443,1652,,825,602,1278,.471,165,470,.351,283,401,.706,226,830,331,145,69,259,322
266,Saint Louis,20,14,6,.700,13.01,2.66,,6,4,,12,1,,1,4,,1507,1300,,800,442,1064,.415,137,412,.333,279,386,.723,148,589,227,130,83,268,331
267,Saint Mary's (CA),24,14,10,.583,7.27,5.65,,4,6,,9,3,,2,3,,1542,1503,,960,558,1299,.430,124,353,.351,263,364,.723,174,762,214,126,82,290,378
268,Saint Peter's,25,14,11,.560,-4.64,-6.36,,10,8,,8,3,,4,7,,1580,1537,,1000,511,1323,.386,166,494,.336,349,523,.667,250,879,281,168,103,382,435
269,Sam Houston State,28,19,9,.679,-3.43,-5.02,,13,3,,12,1,,7,6,,2229,1969,,1120,680,1612,.422,176,604,.291,433,616,.703,315,1044,378,181,84,495,500
270,Samford,19,6,13,.316,-8.51,-1.22,,2,9,,4,5,,2,7,,1460,1510,,775,501,1145,.438,196,563,.348,312,439,.711,178,686,300,152,55,271,320
271,San Diego State NCAA,27,23,4,.852,14.59,2.17,,14,3,,13,2,,6,2,,2000,1635,,1085,547,1414,.387,210,643,.327,331,452,.732,220,861,335,127,73,409,498
272,San Diego,14,3,11,.214,-6.54,4.32,,2,7,,0,5,,3,5,,927,1079,,565,388,822,.472,100,260,.385,203,278,.730,123,547,190,98,44,186,229
273,San Francisco,25,11,14,.440,5.12,2.96,,4,9,,3,5,,4,6,,1786,1732,,1000,605,1339,.452,122,374,.326,400,535,.748,197,879,279,139,78,345,372
274,San Jose State,21,5,16,.238,-17.64,0.94,,2,12,,4,6,,0,8,,1381,1710,,840,632,1399,.452,173,553,.313,273,380,.718,275,941,329,135,76,214,355
275,Santa Clara,20,12,8,.600,-1.31,0.90,,4,5,,6,3,,4,3,,1393,1412,,800,503,1212,.415,142,439,.323,264,362,.729,180,723,262,121,55,246,430
276,Seattle,23,12,11,.522,-6.68,-4.94,,4,5,,6,3,,3,6,,1677,1578,,925,531,1265,.420,151,458,.330,365,490,.745,230,867,282,118,66,362,439
277,Seton Hall,27,14,13,.519,12.04,10.45,,10,9,,7,4,,6,7,,1924,1881,,1095,680,1576,.431,198,541,.366,323,430,.751,282,936,329,177,93,356,480
278,Siena,17,12,5,.706,-3.28,-7.86,,12,4,,6,2,,6,2,,1149,1071,,680,400,979,.409,100,309,.324,171,242,.707,164,555,166,107,46,200,310
279,South Alabama,28,17,11,.607,-5.64,-5.47,,10,7,,10,5,,6,5,,2075,1985,,1135,700,1706,.410,292,880,.332,293,394,.744,342,1062,413,168,111,388,451
280,South Carolina State,18,1,17,.056,-24.36,-7.03,,1,7,,1,6,,0,11,,1102,1414,,720,504,1030,.489,134,376,.356,272,371,.733,195,699,279,135,60,295,298
281,South Carolina Upstate,23,5,18,.217,-13.11,-4.61,,5,11,,3,8,,2,10,,1515,1712,,920,609,1289,.472,169,483,.350,325,465,.699,225,824,321,162,65,301,371
282,South Carolina,21,6,15,.286,3.81,10.43,,4,12,,3,6,,2,7,,1523,1662,,840,566,1222,.463,167,454,.368,363,477,.761,219,796,310,162,93,348,370
283,South Dakota State,23,16,7,.696,2.60,-2.72,,9,3,,8,1,,4,2,,1850,1690,,920,606,1390,.436,195,557,.350,283,357,.793,161,714,296,146,69,252,438
284,South Dakota,25,14,11,.560,-1.84,-4.09,,11,4,,7,2,,5,4,,1899,1805,,1000,616,1465,.420,202,580,.348,371,504,.736,218,854,263,117,58,277,467
285,South Florida,22,9,13,.409,0.12,6.41,,4,10,,4,6,,3,4,,1449,1571,,885,553,1238,.447,179,519,.345,286,402,.711,190,743,330,143,86,265,398
286,Southeast Missouri State,27,11,16,.407,-9.82,-7.16,,9,11,,7,6,,3,9,,1864,1936,,1110,672,1478,.455,191,528,.362,401,575,.697,214,890,368,185,90,377,512
287,Southeastern Louisiana,26,8,18,.308,-17.62,-8.24,,5,11,,3,4,,4,13,,1775,2019,,1055,700,1452,.482,204,570,.358,415,552,.752,246,940,404,174,85,417,562
288,Southern California NCAA,29,22,7,.759,17.24,7.59,,15,5,,13,2,,7,3,,2168,1888,,1180,683,1735,.394,209,612,.342,313,430,.728,295,936,361,159,82,347,554
289,SIU Edwardsville,26,9,17,.346,-14.53,-5.61,,7,12,,2,8,,6,7,,1709,1897,,1040,680,1504,.452,195,578,.337,342,501,.683,281,909,401,207,60,357,450
290,Southern Illinois,26,12,14,.462,-3.50,0.79,,5,13,,8,5,,3,8,,1704,1770,,1050,662,1447,.457,200,588,.340,246,342,.719,208,889,377,166,83,328,399
291,Southern Methodist,16,11,5,.688,11.16,4.16,,7,4,,6,2,,5,2,,1185,1073,,640,365,917,.398,120,352,.341,223,325,.686,175,563,216,116,65,229,291
292,Southern Mississippi,25,8,17,.320,-6.85,-2.07,,4,13,,6,7,,2,9,,1605,1668,,1005,590,1395,.423,207,620,.334,281,403,.697,206,852,311,176,55,336,382
293,Southern Utah,24,20,4,.833,-0.73,-7.05,,12,2,,14,0,,5,3,,2021,1669,,965,607,1428,.425,182,555,.328,273,409,.667,190,757,311,119,70,329,476
294,Southern,19,8,11,.421,-13.70,-13.28,,8,6,,5,2,,3,7,,1327,1335,,775,457,1088,.420,115,348,.330,306,444,.689,176,651,216,145,79,291,353
295,St. Bonaventure NCAA,20,16,4,.800,15.23,5.08,,11,4,,8,1,,4,3,,1410,1207,,800,429,1104,.389,146,477,.306,203,312,.651,206,659,247,101,62,254,310
296,St. Francis (NY),19,9,10,.474,-8.25,-6.41,,9,9,,4,6,,5,4,,1476,1511,,765,520,1125,.462,146,383,.381,325,440,.739,205,704,271,116,79,280,338
297,St. John's (NY),27,16,11,.593,10.26,8.04,,10,9,,11,3,,4,6,,2132,2072,,1095,756,1634,.463,206,603,.342,354,520,.681,287,1023,396,186,109,443,451
298,Stanford,27,14,13,.519,8.09,7.94,,10,10,,5,4,,6,6,,1883,1879,,1100,669,1609,.416,215,640,.336,326,435,.749,280,905,342,189,97,388,494
299,Stephen F. Austin,21,16,5,.762,-1.87,-8.70,,13,3,,10,1,,6,4,,1686,1484,,850,500,1134,.441,136,405,.336,348,466,.747,186,603,272,160,67,381,428
300,Stetson,25,11,14,.440,-7.37,-4.55,,7,9,,7,5,,3,8,,1800,1767,,1005,641,1412,.454,188,534,.352,297,418,.711,217,842,365,145,79,325,378
301,Stony Brook,23,9,14,.391,-5.26,-3.85,,7,9,,5,5,,4,8,,1522,1509,,930,533,1308,.407,173,521,.332,270,386,.699,227,816,290,150,67,305,413
302,Syracuse NCAA,25,16,9,.640,13.75,8.63,,9,7,,13,1,,2,7,,1896,1768,,1005,634,1527,.415,213,671,.317,287,383,.749,315,946,435,144,83,364,393
303,Tarleton State,20,10,10,.500,-8.19,-3.92,,5,7,,6,3,,4,7,,1467,1246,,800,398,985,.404,157,455,.345,293,409,.716,187,672,282,69,75,389,374
304,Temple,16,5,11,.313,2.78,5.78,,4,10,,3,5,,2,5,,1053,1101,,640,385,944,.408,123,359,.343,208,299,.696,169,592,213,90,55,175,290
305,Tennessee-Martin,24,8,16,.333,-19.01,-5.49,,6,14,,6,7,,2,9,,1571,1847,,970,650,1341,.485,207,562,.368,340,486,.700,257,886,413,164,79,348,402
306,Tennessee State,23,4,19,.174,-13.64,-6.78,,3,17,,4,8,,0,11,,1573,1702,,930,575,1292,.445,161,474,.340,391,559,.699,250,878,299,140,96,374,400
307,Tennessee Tech,27,5,22,.185,-13.62,-3.32,,5,15,,5,6,,0,16,,1797,2075,,1085,776,1615,.480,219,620,.353,304,431,.705,255,930,490,197,78,345,391
308,Tennessee NCAA,26,18,8,.692,18.08,8.81,,10,7,,13,3,,4,4,,1885,1644,,1040,572,1436,.398,174,547,.318,326,446,.731,262,876,258,170,67,409,508
309,Texas A&M-Corpus Christi,24,5,19,.208,-16.95,-6.28,,2,13,,4,8,,1,10,,1554,1716,,960,616,1402,.439,158,487,.324,326,441,.739,239,871,360,205,68,338,426
310,Texas A&M,18,8,10,.444,2.32,4.99,,2,8,,6,4,,2,4,,1157,1205,,720,432,959,.450,155,455,.341,186,284,.655,174,580,293,121,68,271,307
311,Texas-Arlington,26,13,13,.500,-7.19,-4.54,,9,8,,9,4,,3,8,,1916,1827,,1045,659,1556,.424,197,552,.357,312,445,.701,287,1017,385,159,80,383,408
312,Texas Christian,26,12,14,.462,2.83,7.22,,5,11,,6,7,,3,6,,1738,1852,,1045,684,1523,.449,177,528,.335,307,447,.687,267,893,402,182,93,301,420
313,Texas-El Paso,24,12,12,.500,0.91,1.10,,8,8,,10,2,,2,9,,1698,1644,,965,573,1322,.433,148,430,.344,350,491,.713,193,849,266,124,65,316,380
314,Texas-Rio Grande Valley,19,9,10,.474,-10.23,-5.83,,2,5,,8,3,,1,6,,1376,1287,,760,436,1073,.406,105,351,.299,310,453,.684,224,757,259,126,59,355,419
315,Texas-San Antonio,26,15,11,.577,-1.38,-0.33,,9,7,,12,2,,2,8,,2050,1906,,1040,650,1537,.423,199,589,.338,407,545,.747,250,952,328,144,80,361,409
316,Texas Southern NCAA,24,16,8,.667,-7.49,-10.96,,10,3,,8,2,,5,6,,1795,1672,,965,581,1460,.398,174,562,.310,336,480,.700,248,853,286,160,83,355,468
317,Texas State,25,18,7,.720,-3.92,-7.44,,12,3,,8,3,,9,3,,1660,1543,,1015,537,1272,.422,179,511,.350,290,416,.697,201,745,280,147,70,374,404
318,Texas Tech NCAA,27,17,10,.630,16.55,6.92,,9,8,,11,4,,5,4,,1972,1712,,1090,583,1421,.410,192,549,.350,354,518,.683,267,891,261,156,77,434,547
319,Texas NCAA,26,19,7,.731,16.25,9.82,,11,6,,8,5,,6,2,,1956,1789,,1055,624,1511,.413,163,505,.323,378,555,.681,265,892,258,158,84,328,466
320,Toledo,30,21,9,.700,7.25,-1.22,,15,4,,12,1,,7,5,,2433,2179,,1215,811,1905,.426,228,766,.298,329,451,.729,358,1120,367,163,87,374,530
321,Towson,18,4,14,.222,-9.00,-1.50,,3,9,,4,4,,0,6,,1214,1349,,730,478,1067,.448,167,436,.383,226,313,.722,192,626,232,98,59,195,318
322,Troy,28,11,17,.393,-11.62,-3.62,,4,12,,7,4,,2,11,,1829,1942,,1125,696,1627,.428,221,622,.355,329,490,.671,262,1008,372,224,110,375,516
323,Tulane,23,10,13,.435,1.05,3.62,,4,12,,6,6,,3,6,,1470,1529,,920,538,1281,.420,197,551,.358,256,384,.667,247,890,367,122,78,344,388
324,Tulsa,23,11,12,.478,4.24,5.48,,7,9,,7,5,,4,4,,1573,1509,,920,520,1272,.409,181,540,.335,288,441,.653,252,806,287,172,58,338,394
325,UCLA NCAA,26,17,9,.654,12.39,8.04,,13,6,,11,1,,5,6,,1894,1781,,1070,640,1459,.439,200,569,.351,301,409,.736,205,800,316,132,72,308,475
326,Utah State NCAA,28,20,8,.714,11.22,0.74,,13,4,,10,2,,5,3,,2052,1743,,1120,614,1578,.389,214,646,.331,301,406,.741,216,853,319,184,100,388,500
327,Utah Valley,22,11,11,.500,-4.40,-2.60,,9,4,,8,4,,3,6,,1632,1635,,885,565,1325,.426,157,458,.343,348,459,.758,193,713,304,148,68,249,470
328,Utah,25,12,13,.480,9.36,7.04,,8,11,,8,5,,3,7,,1803,1745,,1010,639,1427,.448,183,508,.360,284,390,.728,250,849,328,158,97,335,429
329,Valparaiso,28,10,18,.357,-3.95,1.40,,7,11,,6,6,,4,11,,1821,1902,,1130,701,1606,.436,191,574,.333,309,446,.693,252,1032,370,170,68,365,428
330,Vanderbilt,25,9,16,.360,6.68,7.28,,3,13,,6,7,,2,8,,1794,1809,,1000,646,1411,.458,178,526,.338,339,475,.714,237,867,340,168,105,345,439
331,Vermont,15,10,5,.667,2.80,-6.80,,10,4,,6,3,,4,2,,1095,951,,610,330,810,.407,101,324,.312,190,271,.701,120,467,145,76,33,192,291
332,Villanova NCAA,22,16,6,.727,18.08,9.67,,11,4,,9,0,,4,4,,1662,1477,,885,544,1219,.446,175,496,.353,214,314,.682,179,722,265,90,63,278,369
333,Virginia Commonwealth NCAA,26,19,7,.731,12.35,5.81,,10,4,,12,2,,5,3,,1864,1694,,1045,590,1457,.405,156,511,.305,358,516,.694,293,905,302,168,81,436,453
334,VMI,25,13,12,.520,0.17,-0.20,,7,7,,11,1,,1,10,,2001,1897,,1010,700,1640,.427,239,708,.338,258,382,.675,249,913,326,172,65,257,407
335,Virginia Tech NCAA,21,15,6,.714,13.69,7.07,,9,4,,10,2,,3,3,,1515,1376,,850,487,1164,.418,151,458,.330,251,359,.699,173,672,227,123,70,248,363
336,Virginia NCAA,24,18,6,.750,16.66,8.49,,13,4,,10,1,,6,3,,1647,1451,,965,529,1272,.416,161,473,.340,232,313,.741,177,700,279,123,56,223,297
337,Wagner,20,13,7,.650,-3.36,-5.91,,13,5,,7,3,,6,4,,1425,1374,,815,450,1036,.434,142,411,.345,332,459,.723,182,645,263,125,72,284,332
338,Wake Forest,22,6,16,.273,2.72,9.05,,3,15,,5,6,,1,9,,1458,1583,,885,569,1213,.469,167,442,.378,278,396,.702,181,749,306,167,104,269,330
339,Washington State,27,14,13,.519,5.81,4.62,,7,12,,11,5,,3,6,,1853,1821,,1110,649,1565,.415,161,514,.313,362,512,.707,254,936,363,188,95,352,510
340,Washington,26,5,21,.192,-0.57,9.17,,4,16,,4,7,,1,9,,1759,2012,,1040,719,1583,.454,183,524,.349,391,549,.712,313,1012,411,152,79,318,434
341,Weber State,23,17,6,.739,1.87,-6.48,,12,3,,11,0,,6,5,,1881,1594,,920,569,1341,.424,162,478,.339,294,410,.717,196,714,291,142,53,328,436
342,West Virginia NCAA,27,18,9,.667,15.89,10.70,,11,6,,8,5,,7,2,,2087,1947,,1095,716,1619,.442,195,603,.323,320,461,.694,302,962,372,168,71,401,562
343,Western Carolina,27,11,16,.407,-6.90,-1.50,,4,13,,6,5,,4,9,,2039,2129,,1105,785,1688,.465,242,671,.361,317,459,.691,233,943,377,195,71,321,526
344,Western Illinois,22,7,15,.318,-12.87,-5.01,,5,9,,2,5,,4,9,,1606,1746,,880,608,1286,.473,173,439,.394,357,491,.727,173,802,310,128,91,266,448
345,Western Kentucky,28,21,7,.750,5.57,0.46,,11,3,,11,2,,5,3,,2043,1900,,1130,696,1655,.421,234,655,.357,274,370,.741,244,869,344,190,107,369,496
346,Western Michigan,21,5,16,.238,-10.76,-0.46,,4,12,,2,9,,3,7,,1325,1511,,840,560,1291,.434,156,496,.315,235,324,.725,220,762,233,163,52,213,329
347,Wichita State NCAA,21,16,5,.762,9.45,6.81,,11,2,,10,2,,5,2,,1520,1416,,850,513,1273,.403,143,487,.294,247,361,.684,261,830,259,115,58,273,380
348,William & Mary,17,7,10,.412,-10.29,-3.06,,4,6,,1,3,,5,6,,1101,1224,,685,465,1026,.453,116,356,.326,178,244,.730,188,613,245,120,90,195,293
349,Winthrop NCAA,24,23,1,.958,5.13,-7.62,,17,1,,11,1,,10,0,,1909,1603,,960,574,1332,.431,157,485,.324,298,450,.662,184,751,249,144,80,392,503
350,Wisconsin NCAA,29,17,12,.586,17.81,12.50,,10,10,,11,5,,5,6,,2019,1865,,1170,679,1606,.423,181,549,.330,326,458,.712,245,1020,360,127,110,342,472
351,Wofford,24,15,9,.625,2.24,0.24,,12,5,,9,3,,6,4,,1784,1627,,965,599,1373,.436,195,580,.336,234,341,.686,215,779,290,154,67,311,375
352,Wright State,24,18,6,.750,7.65,-6.89,,16,4,,9,4,,9,2,,1967,1618,,965,615,1534,.401,154,504,.306,234,334,.701,244,791,272,172,51,290,465
353,Wyoming,25,14,11,.560,-1.51,-2.59,,5,9,,7,5,,4,5,,1915,1888,,1010,694,1452,.478,149,451,.330,351,492,.713,236,919,316,140,81,320,487
354,Xavier,21,13,8,.619,11.93,7.31,,6,7,,11,2,,2,5,,1571,1474,,850,541,1310,.413,165,488,.338,227,308,.737,222,768,308,116,58,241,341
355,Yale,0,0,0,,,,,0,0,,0,0,,0,0,,,,,,,,,,,,,,,,,,,,,
356,Youngstown State,27,15,12,.556,-9.00,-7.39,,9,11,,10,5,,5,7,,2010,1950,,1095,718,1569,.458,219,622,.352,295,411,.718,257,940,377,155,83,385,472